sample_id,label,label_name
0,0,normal
1,0,normal
2,2,parallel_arc
3,1,series_arc
4,1,series_arc
5,0,normal
6,0,normal
7,0,normal
8,0,normal
9,1,series_arc
10,0,normal
11,1,series_arc
12,1,series_arc
13,0,normal
14,0,normal
15,1,series_arc
16,0,normal
17,0,normal
18,0,normal
19,0,normal
20,0,normal
21,0,normal
22,0,normal
23,0,normal
24,2,parallel_arc
25,0,normal
26,1,series_arc
27,0,normal
28,0,normal
29,0,normal
30,0,normal
31,2,parallel_arc
32,0,normal
33,0,normal
34,1,series_arc
35,1,series_arc
36,0,normal
37,1,series_arc
38,1,series_arc
39,2,parallel_arc
40,2,parallel_arc
41,0,normal
42,0,normal
43,0,normal
44,0,normal
45,0,normal
46,0,normal
47,0,normal
48,0,normal
49,0,normal
50,1,series_arc
51,1,series_arc
52,0,normal
53,0,normal
54,0,normal
55,1,series_arc
56,0,normal
57,0,normal
58,1,series_arc
59,0,normal
60,2,parallel_arc
61,0,normal
62,1,series_arc
63,0,normal
64,2,parallel_arc
65,0,normal
66,1,series_arc
67,1,series_arc
68,0,normal
69,0,normal
70,1,series_arc
71,0,normal
72,0,normal
73,1,series_arc
74,0,normal
75,0,normal
76,0,normal
77,0,normal
78,0,normal
79,0,normal
80,0,normal
81,0,normal
82,1,series_arc
83,1,series_arc
84,2,parallel_arc
85,0,normal
86,2,parallel_arc
87,1,series_arc
88,1,series_arc
89,0,normal
90,1,series_arc
91,0,normal
92,1,series_arc
93,0,normal
94,0,normal
95,0,normal
96,1,series_arc
97,2,parallel_arc
98,0,normal
99,1,series_arc
100,0,normal
101,1,series_arc
102,1,series_arc
103,0,normal
104,0,normal
105,0,normal
106,1,series_arc
107,1,series_arc
108,2,parallel_arc
109,0,normal
110,0,normal
111,0,normal
112,1,series_arc
113,0,normal
114,0,normal
115,1,series_arc
116,1,series_arc
117,0,normal
118,1,series_arc
119,1,series_arc
120,1,series_arc
121,0,normal
122,0,normal
123,0,normal
124,0,normal
125,0,normal
126,0,normal
127,0,normal
128,1,series_arc
129,1,series_arc
130,0,normal
131,0,normal
132,1,series_arc
133,0,normal
134,0,normal
135,0,normal
136,0,normal
137,0,normal
138,1,series_arc
139,0,normal
140,0,normal
141,2,parallel_arc
142,0,normal
143,1,series_arc
144,0,normal
145,0,normal
146,1,series_arc
147,1,series_arc
148,2,parallel_arc
149,0,normal
150,2,parallel_arc
151,2,parallel_arc
152,0,normal
153,0,normal
154,0,normal
155,0,normal
156,0,normal
157,0,normal
158,0,normal
159,0,normal
160,0,normal
161,2,parallel_arc
162,0,normal
163,1,series_arc
164,0,normal
165,1,series_arc
166,1,series_arc
167,0,normal
168,1,series_arc
169,0,normal
170,1,series_arc
171,0,normal
172,1,series_arc
173,0,normal
174,0,normal
175,0,normal
176,1,series_arc
177,1,series_arc
178,2,parallel_arc
179,0,normal
180,0,normal
181,2,parallel_arc
182,2,parallel_arc
183,1,series_arc
184,0,normal
185,1,series_arc
186,0,normal
187,0,normal
188,0,normal
189,0,normal
190,0,normal
191,1,series_arc
192,1,series_arc
193,0,normal
194,1,series_arc
195,0,normal
196,0,normal
197,1,series_arc
198,0,normal
199,1,series_arc
200,0,normal
201,1,series_arc
202,0,normal
203,1,series_arc
204,1,series_arc
205,0,normal
206,0,normal
207,1,series_arc
208,1,series_arc
209,1,series_arc
210,0,normal
211,2,parallel_arc
212,1,series_arc
213,0,normal
214,0,normal
215,0,normal
216,1,series_arc
217,1,series_arc
218,2,parallel_arc
219,1,series_arc
220,1,series_arc
221,0,normal
222,1,series_arc
223,0,normal
224,1,series_arc
225,1,series_arc
226,0,normal
227,1,series_arc
228,0,normal
229,1,series_arc
230,0,normal
231,0,normal
232,0,normal
233,0,normal
234,1,series_arc
235,0,normal
236,1,series_arc
237,0,normal
238,2,parallel_arc
239,2,parallel_arc
240,0,normal
241,0,normal
242,2,parallel_arc
243,0,normal
244,0,normal
245,1,series_arc
246,0,normal
247,0,normal
248,1,series_arc
249,2,parallel_arc
250,0,normal
251,0,normal
252,0,normal
253,0,normal
254,2,parallel_arc
255,0,normal
256,2,parallel_arc
257,1,series_arc
258,0,normal
259,1,series_arc
260,1,series_arc
261,0,normal
262,0,normal
263,1,series_arc
264,1,series_arc
265,0,normal
266,0,normal
267,0,normal
268,0,normal
269,0,normal
270,1,series_arc
271,0,normal
272,0,normal
273,0,normal
274,0,normal
275,0,normal
276,0,normal
277,0,normal
278,1,series_arc
279,2,parallel_arc
280,0,normal
281,0,normal
282,0,normal
283,1,series_arc
284,0,normal
285,2,parallel_arc
286,2,parallel_arc
287,1,series_arc
288,0,normal
289,0,normal
290,1,series_arc
291,0,normal
292,0,normal
293,1,series_arc
294,0,normal
295,1,series_arc
296,1,series_arc
297,0,normal
298,0,normal
299,0,normal
300,0,normal
301,1,series_arc
302,0,normal
303,0,normal
304,0,normal
305,1,series_arc
306,1,series_arc
307,0,normal
308,0,normal
309,1,series_arc
310,0,normal
311,1,series_arc
312,2,parallel_arc
313,0,normal
314,1,series_arc
315,0,normal
316,0,normal
317,0,normal
318,0,normal
319,0,normal
320,1,series_arc
321,0,normal
322,1,series_arc
323,1,series_arc
324,0,normal
325,0,normal
326,0,normal
327,0,normal
328,0,normal
329,0,normal
330,1,series_arc
331,0,normal
332,1,series_arc
333,0,normal
334,0,normal
335,1,series_arc
336,0,normal
337,0,normal
338,1,series_arc
339,1,series_arc
340,0,normal
341,2,parallel_arc
342,0,normal
343,0,normal
344,0,normal
345,1,series_arc
346,0,normal
347,0,normal
348,0,normal
349,2,parallel_arc
350,0,normal
351,2,parallel_arc
352,0,normal
353,0,normal
354,0,normal
355,0,normal
356,0,normal
357,0,normal
358,1,series_arc
359,1,series_arc
360,0,normal
361,0,normal
362,0,normal
363,0,normal
364,1,series_arc
365,0,normal
366,0,normal
367,0,normal
368,0,normal
369,0,normal
370,2,parallel_arc
371,1,series_arc
372,0,normal
373,0,normal
374,1,series_arc
375,0,normal
376,1,series_arc
377,0,normal
378,2,parallel_arc
379,2,parallel_arc
380,0,normal
381,1,series_arc
382,0,normal
383,2,parallel_arc
384,0,normal
385,1,series_arc
386,2,parallel_arc
387,0,normal
388,0,normal
389,0,normal
390,0,normal
391,0,normal
392,1,series_arc
393,2,parallel_arc
394,0,normal
395,0,normal
396,0,normal
397,0,normal
398,0,normal
399,1,series_arc
400,0,normal
401,2,parallel_arc
402,0,normal
403,2,parallel_arc
404,2,parallel_arc
405,2,parallel_arc
406,0,normal
407,0,normal
408,0,normal
409,1,series_arc
410,0,normal
411,1,series_arc
412,1,series_arc
413,0,normal
414,1,series_arc
415,1,series_arc
416,0,normal
417,0,normal
418,2,parallel_arc
419,0,normal
420,2,parallel_arc
421,0,normal
422,0,normal
423,2,parallel_arc
424,0,normal
425,0,normal
426,1,series_arc
427,2,parallel_arc
428,0,normal
429,0,normal
430,1,series_arc
431,0,normal
432,1,series_arc
433,0,normal
434,0,normal
435,0,normal
436,1,series_arc
437,0,normal
438,0,normal
439,0,normal
440,0,normal
441,1,series_arc
442,0,normal
443,0,normal
444,1,series_arc
445,0,normal
446,1,series_arc
447,0,normal
448,1,series_arc
449,1,series_arc
450,0,normal
451,0,normal
452,1,series_arc
453,0,normal
454,1,series_arc
455,1,series_arc
456,0,normal
457,0,normal
458,2,parallel_arc
459,1,series_arc
460,2,parallel_arc
461,0,normal
462,1,series_arc
463,1,series_arc
464,1,series_arc
465,2,parallel_arc
466,0,normal
467,0,normal
468,0,normal
469,0,normal
470,0,normal
471,0,normal
472,1,series_arc
473,2,parallel_arc
474,1,series_arc
475,0,normal
476,1,series_arc
477,0,normal
478,0,normal
479,0,normal
480,0,normal
481,2,parallel_arc
482,2,parallel_arc
483,0,normal
484,1,series_arc
485,2,parallel_arc
486,1,series_arc
487,2,parallel_arc
488,1,series_arc
489,2,parallel_arc
490,0,normal
491,1,series_arc
492,0,normal
493,0,normal
494,0,normal
495,1,series_arc
496,0,normal
497,0,normal
498,0,normal
499,2,parallel_arc
500,0,normal
501,1,series_arc
502,2,parallel_arc
503,1,series_arc
504,0,normal
505,0,normal
506,0,normal
507,0,normal
508,0,normal
509,0,normal
510,0,normal
511,1,series_arc
512,1,series_arc
513,0,normal
514,0,normal
515,1,series_arc
516,0,normal
517,1,series_arc
518,2,parallel_arc
519,0,normal
520,1,series_arc
521,0,normal
522,0,normal
523,0,normal
524,0,normal
525,0,normal
526,1,series_arc
527,1,series_arc
528,1,series_arc
529,0,normal
530,0,normal
531,2,parallel_arc
532,0,normal
533,0,normal
534,0,normal
535,1,series_arc
536,1,series_arc
537,0,normal
538,0,normal
539,0,normal
540,0,normal
541,2,parallel_arc
542,0,normal
543,0,normal
544,1,series_arc
545,1,series_arc
546,2,parallel_arc
547,1,series_arc
548,0,normal
549,0,normal
550,1,series_arc
551,0,normal
552,0,normal
553,2,parallel_arc
554,2,parallel_arc
555,0,normal
556,0,normal
557,2,parallel_arc
558,0,normal
559,1,series_arc
560,1,series_arc
561,2,parallel_arc
562,0,normal
563,1,series_arc
564,1,series_arc
565,0,normal
566,2,parallel_arc
567,0,normal
568,0,normal
569,2,parallel_arc
570,1,series_arc
571,0,normal
572,0,normal
573,0,normal
574,0,normal
575,0,normal
576,2,parallel_arc
577,0,normal
578,1,series_arc
579,1,series_arc
580,0,normal
581,0,normal
582,1,series_arc
583,1,series_arc
584,1,series_arc
585,0,normal
586,2,parallel_arc
587,1,series_arc
588,0,normal
589,0,normal
590,0,normal
591,2,parallel_arc
592,1,series_arc
593,0,normal
594,0,normal
595,0,normal
596,0,normal
597,0,normal
598,0,normal
599,0,normal
600,0,normal
601,0,normal
602,0,normal
603,1,series_arc
604,1,series_arc
605,0,normal
606,0,normal
607,1,series_arc
608,0,normal
609,0,normal
610,0,normal
611,1,series_arc
612,1,series_arc
613,0,normal
614,0,normal
615,1,series_arc
616,1,series_arc
617,2,parallel_arc
618,0,normal
619,0,normal
620,1,series_arc
621,1,series_arc
622,0,normal
623,1,series_arc
624,0,normal
625,1,series_arc
626,2,parallel_arc
627,1,series_arc
628,1,series_arc
629,2,parallel_arc
630,0,normal
631,0,normal
632,0,normal
633,0,normal
634,0,normal
635,1,series_arc
636,0,normal
637,1,series_arc
638,0,normal
639,0,normal
640,1,series_arc
641,0,normal
642,0,normal
643,1,series_arc
644,1,series_arc
645,0,normal
646,0,normal
647,0,normal
648,2,parallel_arc
649,1,series_arc
650,0,normal
651,0,normal
652,2,parallel_arc
653,0,normal
654,0,normal
655,0,normal
656,0,normal
657,2,parallel_arc
658,0,normal
659,0,normal
660,0,normal
661,1,series_arc
662,0,normal
663,0,normal
664,0,normal
665,1,series_arc
666,0,normal
667,1,series_arc
668,0,normal
669,0,normal
670,1,series_arc
671,0,normal
672,0,normal
673,0,normal
674,0,normal
675,0,normal
676,0,normal
677,0,normal
678,1,series_arc
679,2,parallel_arc
680,1,series_arc
681,1,series_arc
682,0,normal
683,0,normal
684,0,normal
685,0,normal
686,1,series_arc
687,0,normal
688,0,normal
689,1,series_arc
690,0,normal
691,0,normal
692,0,normal
693,0,normal
694,0,normal
695,0,normal
696,0,normal
697,1,series_arc
698,0,normal
699,0,normal
700,0,normal
701,0,normal
702,2,parallel_arc
703,1,series_arc
704,1,series_arc
705,1,series_arc
706,0,normal
707,0,normal
708,0,normal
709,1,series_arc
710,0,normal
711,2,parallel_arc
712,0,normal
713,1,series_arc
714,2,parallel_arc
715,2,parallel_arc
716,0,normal
717,0,normal
718,1,series_arc
719,0,normal
720,0,normal
721,2,parallel_arc
722,0,normal
723,1,series_arc
724,0,normal
725,0,normal
726,0,normal
727,1,series_arc
728,2,parallel_arc
729,2,parallel_arc
730,2,parallel_arc
731,0,normal
732,1,series_arc
733,2,parallel_arc
734,0,normal
735,1,series_arc
736,1,series_arc
737,0,normal
738,1,series_arc
739,2,parallel_arc
740,2,parallel_arc
741,0,normal
742,1,series_arc
743,0,normal
744,2,parallel_arc
745,2,parallel_arc
746,1,series_arc
747,0,normal
748,0,normal
749,1,series_arc
750,0,normal
751,0,normal
752,0,normal
753,0,normal
754,0,normal
755,0,normal
756,0,normal
757,1,series_arc
758,0,normal
759,2,parallel_arc
760,0,normal
761,1,series_arc
762,1,series_arc
763,0,normal
764,0,normal
765,2,parallel_arc
766,0,normal
767,2,parallel_arc
768,0,normal
769,0,normal
770,1,series_arc
771,0,normal
772,1,series_arc
773,1,series_arc
774,0,normal
775,0,normal
776,1,series_arc
777,1,series_arc
778,2,parallel_arc
779,0,normal
780,0,normal
781,1,series_arc
782,2,parallel_arc
783,0,normal
784,0,normal
785,1,series_arc
786,0,normal
787,0,normal
788,0,normal
789,0,normal
790,0,normal
791,1,series_arc
792,1,series_arc
793,2,parallel_arc
794,2,parallel_arc
795,2,parallel_arc
796,1,series_arc
797,0,normal
798,0,normal
799,0,normal
800,0,normal
801,0,normal
802,0,normal
803,0,normal
804,0,normal
805,0,normal
806,1,series_arc
807,0,normal
808,0,normal
809,1,series_arc
810,0,normal
811,0,normal
812,0,normal
813,0,normal
814,2,parallel_arc
815,0,normal
816,0,normal
817,0,normal
818,1,series_arc
819,0,normal
820,1,series_arc
821,2,parallel_arc
822,0,normal
823,1,series_arc
824,0,normal
825,0,normal
826,1,series_arc
827,1,series_arc
828,1,series_arc
829,1,series_arc
830,0,normal
831,1,series_arc
832,1,series_arc
833,0,normal
834,1,series_arc
835,0,normal
836,0,normal
837,0,normal
838,0,normal
839,0,normal
840,2,parallel_arc
841,0,normal
842,2,parallel_arc
843,0,normal
844,1,series_arc
845,1,series_arc
846,0,normal
847,0,normal
848,0,normal
849,0,normal
850,2,parallel_arc
851,2,parallel_arc
852,1,series_arc
853,0,normal
854,0,normal
855,2,parallel_arc
856,0,normal
857,0,normal
858,0,normal
859,0,normal
860,2,parallel_arc
861,0,normal
862,2,parallel_arc
863,2,parallel_arc
864,0,normal
865,1,series_arc
866,0,normal
867,2,parallel_arc
868,0,normal
869,2,parallel_arc
870,0,normal
871,0,normal
872,0,normal
873,0,normal
874,0,normal
875,0,normal
876,0,normal
877,2,parallel_arc
878,0,normal
879,1,series_arc
880,0,normal
881,2,parallel_arc
882,0,normal
883,0,normal
884,1,series_arc
885,2,parallel_arc
886,0,normal
887,0,normal
888,0,normal
889,0,normal
890,0,normal
891,0,normal
892,0,normal
893,0,normal
894,0,normal
895,2,parallel_arc
896,0,normal
897,0,normal
898,0,normal
899,0,normal
900,0,normal
901,2,parallel_arc
902,2,parallel_arc
903,1,series_arc
904,2,parallel_arc
905,0,normal
906,0,normal
907,0,normal
908,1,series_arc
909,0,normal
910,1,series_arc
911,0,normal
912,0,normal
913,2,parallel_arc
914,0,normal
915,0,normal
916,2,parallel_arc
917,0,normal
918,1,series_arc
919,0,normal
920,0,normal
921,0,normal
922,1,series_arc
923,1,series_arc
924,2,parallel_arc
925,1,series_arc
926,0,normal
927,1,series_arc
928,0,normal
929,0,normal
930,0,normal
931,0,normal
932,0,normal
933,1,series_arc
934,0,normal
935,1,series_arc
936,0,normal
937,2,parallel_arc
938,1,series_arc
939,0,normal
940,2,parallel_arc
941,2,parallel_arc
942,0,normal
943,0,normal
944,1,series_arc
945,1,series_arc
946,0,normal
947,1,series_arc
948,1,series_arc
949,1,series_arc
950,0,normal
951,1,series_arc
952,1,series_arc
953,0,normal
954,0,normal
955,0,normal
956,1,series_arc
957,0,normal
958,0,normal
959,0,normal
960,0,normal
961,0,normal
962,1,series_arc
963,0,normal
964,0,normal
965,2,parallel_arc
966,0,normal
967,0,normal
968,2,parallel_arc
969,0,normal
970,0,normal
971,0,normal
972,0,normal
973,1,series_arc
974,1,series_arc
975,1,series_arc
976,2,parallel_arc
977,1,series_arc
978,1,series_arc
979,0,normal
980,2,parallel_arc
981,0,normal
982,0,normal
983,1,series_arc
984,1,series_arc
985,1,series_arc
986,0,normal
987,0,normal
988,0,normal
989,0,normal
990,0,normal
991,1,series_arc
992,2,parallel_arc
993,2,parallel_arc
994,0,normal
995,0,normal
996,0,normal
997,2,parallel_arc
998,1,series_arc
999,0,normal
1000,0,normal
1001,2,parallel_arc
1002,0,normal
1003,0,normal
1004,1,series_arc
1005,0,normal
1006,0,normal
1007,0,normal
1008,0,normal
1009,1,series_arc
1010,0,normal
1011,0,normal
1012,2,parallel_arc
1013,1,series_arc
1014,1,series_arc
1015,0,normal
1016,2,parallel_arc
1017,0,normal
1018,1,series_arc
1019,0,normal
1020,0,normal
1021,0,normal
1022,1,series_arc
1023,1,series_arc
1024,0,normal
1025,0,normal
1026,0,normal
1027,2,parallel_arc
1028,0,normal
1029,1,series_arc
1030,0,normal
1031,0,normal
1032,0,normal
1033,0,normal
1034,0,normal
1035,0,normal
1036,1,series_arc
1037,0,normal
1038,1,series_arc
1039,0,normal
1040,1,series_arc
1041,0,normal
1042,2,parallel_arc
1043,0,normal
1044,0,normal
1045,0,normal
1046,0,normal
1047,0,normal
1048,1,series_arc
1049,1,series_arc
1050,0,normal
1051,0,normal
1052,0,normal
1053,0,normal
1054,0,normal
1055,0,normal
1056,1,series_arc
1057,0,normal
1058,0,normal
1059,0,normal
1060,1,series_arc
1061,0,normal
1062,0,normal
1063,0,normal
1064,0,normal
1065,0,normal
1066,0,normal
1067,0,normal
1068,2,parallel_arc
1069,0,normal
1070,1,series_arc
1071,1,series_arc
1072,0,normal
1073,1,series_arc
1074,2,parallel_arc
1075,0,normal
1076,0,normal
1077,0,normal
1078,0,normal
1079,0,normal
1080,2,parallel_arc
1081,1,series_arc
1082,0,normal
1083,1,series_arc
1084,2,parallel_arc
1085,0,normal
1086,0,normal
1087,0,normal
1088,1,series_arc
1089,0,normal
1090,2,parallel_arc
1091,0,normal
1092,0,normal
1093,1,series_arc
1094,2,parallel_arc
1095,2,parallel_arc
1096,0,normal
1097,2,parallel_arc
1098,0,normal
1099,1,series_arc
1100,1,series_arc
1101,0,normal
1102,0,normal
1103,0,normal
1104,0,normal
1105,1,series_arc
1106,0,normal
1107,0,normal
1108,0,normal
1109,1,series_arc
1110,0,normal
1111,0,normal
1112,0,normal
1113,1,series_arc
1114,2,parallel_arc
1115,1,series_arc
1116,1,series_arc
1117,2,parallel_arc
1118,0,normal
1119,0,normal
1120,1,series_arc
1121,0,normal
1122,0,normal
1123,1,series_arc
1124,0,normal
1125,2,parallel_arc
1126,0,normal
1127,0,normal
1128,1,series_arc
1129,0,normal
1130,0,normal
1131,0,normal
1132,0,normal
1133,2,parallel_arc
1134,0,normal
1135,1,series_arc
1136,0,normal
1137,0,normal
1138,0,normal
1139,0,normal
1140,1,series_arc
1141,1,series_arc
1142,0,normal
1143,0,normal
1144,0,normal
1145,0,normal
1146,0,normal
1147,0,normal
1148,0,normal
1149,1,series_arc
1150,1,series_arc
1151,1,series_arc
1152,0,normal
1153,2,parallel_arc
1154,2,parallel_arc
1155,0,normal
1156,0,normal
1157,0,normal
1158,1,series_arc
1159,2,parallel_arc
1160,1,series_arc
1161,0,normal
1162,0,normal
1163,0,normal
1164,1,series_arc
1165,0,normal
1166,2,parallel_arc
1167,0,normal
1168,2,parallel_arc
1169,1,series_arc
1170,0,normal
1171,2,parallel_arc
1172,0,normal
1173,2,parallel_arc
1174,2,parallel_arc
1175,1,series_arc
1176,1,series_arc
1177,1,series_arc
1178,2,parallel_arc
1179,0,normal
1180,2,parallel_arc
1181,0,normal
1182,0,normal
1183,0,normal
1184,2,parallel_arc
1185,0,normal
1186,0,normal
1187,2,parallel_arc
1188,2,parallel_arc
1189,0,normal
1190,0,normal
1191,0,normal
1192,1,series_arc
1193,0,normal
1194,1,series_arc
1195,1,series_arc
1196,0,normal
1197,0,normal
1198,0,normal
1199,0,normal
1200,1,series_arc
1201,1,series_arc
1202,0,normal
1203,0,normal
1204,0,normal
1205,1,series_arc
1206,0,normal
1207,0,normal
1208,1,series_arc
1209,0,normal
1210,0,normal
1211,1,series_arc
1212,0,normal
1213,0,normal
1214,1,series_arc
1215,1,series_arc
1216,1,series_arc
1217,0,normal
1218,0,normal
1219,2,parallel_arc
1220,0,normal
1221,1,series_arc
1222,2,parallel_arc
1223,1,series_arc
1224,0,normal
1225,0,normal
1226,0,normal
1227,2,parallel_arc
1228,0,normal
1229,0,normal
1230,1,series_arc
1231,1,series_arc
1232,1,series_arc
1233,2,parallel_arc
1234,0,normal
1235,1,series_arc
1236,0,normal
1237,0,normal
1238,0,normal
1239,0,normal
1240,2,parallel_arc
1241,0,normal
1242,0,normal
1243,0,normal
1244,1,series_arc
1245,0,normal
1246,0,normal
1247,0,normal
1248,0,normal
1249,0,normal
1250,1,series_arc
1251,0,normal
1252,2,parallel_arc
1253,1,series_arc
1254,0,normal
1255,2,parallel_arc
1256,0,normal
1257,1,series_arc
1258,0,normal
1259,0,normal
1260,2,parallel_arc
1261,1,series_arc
1262,0,normal
1263,0,normal
1264,0,normal
1265,0,normal
1266,0,normal
1267,0,normal
1268,1,series_arc
1269,0,normal
1270,0,normal
1271,2,parallel_arc
1272,1,series_arc
1273,1,series_arc
1274,1,series_arc
1275,0,normal
1276,0,normal
1277,0,normal
1278,1,series_arc
1279,1,series_arc
1280,0,normal
1281,0,normal
1282,1,series_arc
1283,1,series_arc
1284,1,series_arc
1285,2,parallel_arc
1286,2,parallel_arc
1287,0,normal
1288,0,normal
1289,2,parallel_arc
1290,0,normal
1291,0,normal
1292,1,series_arc
1293,2,parallel_arc
1294,1,series_arc
1295,0,normal
1296,2,parallel_arc
1297,1,series_arc
1298,0,normal
1299,0,normal
1300,0,normal
1301,0,normal
1302,2,parallel_arc
1303,2,parallel_arc
1304,1,series_arc
1305,1,series_arc
1306,1,series_arc
1307,0,normal
1308,0,normal
1309,0,normal
1310,0,normal
1311,1,series_arc
1312,1,series_arc
1313,1,series_arc
1314,0,normal
1315,2,parallel_arc
1316,0,normal
1317,1,series_arc
1318,0,normal
1319,1,series_arc
1320,0,normal
1321,2,parallel_arc
1322,0,normal
1323,0,normal
1324,0,normal
1325,2,parallel_arc
1326,0,normal
1327,0,normal
1328,0,normal
1329,0,normal
1330,1,series_arc
1331,0,normal
1332,0,normal
1333,0,normal
1334,0,normal
1335,0,normal
1336,1,series_arc
1337,0,normal
1338,0,normal
1339,2,parallel_arc
1340,2,parallel_arc
1341,1,series_arc
1342,1,series_arc
1343,0,normal
1344,0,normal
1345,0,normal
1346,0,normal
1347,1,series_arc
1348,0,normal
1349,1,series_arc
1350,1,series_arc
1351,1,series_arc
1352,2,parallel_arc
1353,0,normal
1354,2,parallel_arc
1355,1,series_arc
1356,0,normal
1357,1,series_arc
1358,0,normal
1359,0,normal
1360,2,parallel_arc
1361,1,series_arc
1362,0,normal
1363,0,normal
1364,1,series_arc
1365,2,parallel_arc
1366,0,normal
1367,0,normal
1368,0,normal
1369,2,parallel_arc
1370,0,normal
1371,0,normal
1372,0,normal
1373,1,series_arc
1374,1,series_arc
1375,2,parallel_arc
1376,1,series_arc
1377,1,series_arc
1378,2,parallel_arc
1379,0,normal
1380,0,normal
1381,0,normal
1382,0,normal
1383,2,parallel_arc
1384,1,series_arc
1385,0,normal
1386,1,series_arc
1387,2,parallel_arc
1388,1,series_arc
1389,1,series_arc
1390,0,normal
1391,0,normal
1392,2,parallel_arc
1393,1,series_arc
1394,0,normal
1395,0,normal
1396,2,parallel_arc
1397,0,normal
1398,2,parallel_arc
1399,0,normal
1400,0,normal
1401,1,series_arc
1402,1,series_arc
1403,1,series_arc
1404,0,normal
1405,1,series_arc
1406,0,normal
1407,2,parallel_arc
1408,0,normal
1409,0,normal
1410,2,parallel_arc
1411,2,parallel_arc
1412,0,normal
1413,1,series_arc
1414,0,normal
1415,1,series_arc
1416,1,series_arc
1417,0,normal
1418,2,parallel_arc
1419,0,normal
1420,0,normal
1421,0,normal
1422,0,normal
1423,0,normal
1424,0,normal
1425,2,parallel_arc
1426,0,normal
1427,1,series_arc
1428,0,normal
1429,0,normal
1430,1,series_arc
1431,1,series_arc
1432,0,normal
1433,0,normal
1434,0,normal
1435,1,series_arc
1436,1,series_arc
1437,1,series_arc
1438,2,parallel_arc
1439,0,normal
1440,0,normal
1441,0,normal
1442,0,normal
1443,0,normal
1444,0,normal
1445,0,normal
1446,0,normal
1447,0,normal
1448,1,series_arc
1449,1,series_arc
1450,1,series_arc
1451,0,normal
1452,0,normal
1453,0,normal
1454,0,normal
1455,1,series_arc
1456,2,parallel_arc
1457,1,series_arc
1458,1,series_arc
1459,0,normal
1460,1,series_arc
1461,0,normal
1462,1,series_arc
1463,0,normal
1464,1,series_arc
1465,0,normal
1466,0,normal
1467,2,parallel_arc
1468,2,parallel_arc
1469,0,normal
1470,0,normal
1471,1,series_arc
1472,2,parallel_arc
1473,0,normal
1474,0,normal
1475,1,series_arc
1476,0,normal
1477,1,series_arc
1478,0,normal
1479,0,normal
1480,0,normal
1481,0,normal
1482,1,series_arc
1483,0,normal
1484,1,series_arc
1485,0,normal
1486,1,series_arc
1487,1,series_arc
1488,1,series_arc
1489,0,normal
1490,2,parallel_arc
1491,1,series_arc
1492,0,normal
1493,1,series_arc
1494,0,normal
1495,0,normal
1496,0,normal
1497,0,normal
1498,0,normal
1499,2,parallel_arc
1500,1,series_arc
1501,2,parallel_arc
1502,0,normal
1503,1,series_arc
1504,1,series_arc
1505,0,normal
1506,0,normal
1507,1,series_arc
1508,1,series_arc
1509,0,normal
1510,0,normal
1511,0,normal
1512,0,normal
1513,0,normal
1514,0,normal
1515,0,normal
1516,0,normal
1517,0,normal
1518,0,normal
1519,2,parallel_arc
1520,0,normal
1521,0,normal
1522,0,normal
1523,0,normal
1524,0,normal
1525,0,normal
1526,0,normal
1527,1,series_arc
1528,0,normal
1529,0,normal
1530,1,series_arc
1531,1,series_arc
1532,2,parallel_arc
1533,0,normal
1534,0,normal
1535,2,parallel_arc
1536,0,normal
1537,0,normal
1538,2,parallel_arc
1539,0,normal
1540,0,normal
1541,1,series_arc
1542,0,normal
1543,0,normal
1544,0,normal
1545,0,normal
1546,0,normal
1547,0,normal
1548,2,parallel_arc
1549,2,parallel_arc
1550,0,normal
1551,0,normal
1552,0,normal
1553,0,normal
1554,0,normal
1555,0,normal
1556,0,normal
1557,0,normal
1558,1,series_arc
1559,0,normal
1560,0,normal
1561,0,normal
1562,0,normal
1563,0,normal
1564,0,normal
1565,0,normal
1566,0,normal
1567,0,normal
1568,0,normal
1569,1,series_arc
1570,1,series_arc
1571,2,parallel_arc
1572,0,normal
1573,0,normal
1574,2,parallel_arc
1575,1,series_arc
1576,2,parallel_arc
1577,1,series_arc
1578,2,parallel_arc
1579,1,series_arc
1580,0,normal
1581,0,normal
1582,0,normal
1583,1,series_arc
1584,0,normal
1585,1,series_arc
1586,0,normal
1587,1,series_arc
1588,0,normal
1589,2,parallel_arc
1590,0,normal
1591,0,normal
1592,0,normal
1593,0,normal
1594,0,normal
1595,2,parallel_arc
1596,0,normal
1597,0,normal
1598,1,series_arc
1599,2,parallel_arc
1600,0,normal
1601,0,normal
1602,2,parallel_arc
1603,0,normal
1604,0,normal
1605,0,normal
1606,0,normal
1607,0,normal
1608,1,series_arc
1609,0,normal
1610,2,parallel_arc
1611,2,parallel_arc
1612,1,series_arc
1613,1,series_arc
1614,0,normal
1615,0,normal
1616,0,normal
1617,0,normal
1618,0,normal
1619,0,normal
1620,1,series_arc
1621,0,normal
1622,2,parallel_arc
1623,0,normal
1624,2,parallel_arc
1625,0,normal
1626,0,normal
1627,1,series_arc
1628,2,parallel_arc
1629,0,normal
1630,0,normal
1631,0,normal
1632,0,normal
1633,0,normal
1634,2,parallel_arc
1635,0,normal
1636,1,series_arc
1637,0,normal
1638,0,normal
1639,0,normal
1640,0,normal
1641,0,normal
1642,0,normal
1643,0,normal
1644,1,series_arc
1645,0,normal
1646,1,series_arc
1647,1,series_arc
1648,2,parallel_arc
1649,1,series_arc
1650,0,normal
1651,0,normal
1652,1,series_arc
1653,0,normal
1654,0,normal
1655,2,parallel_arc
1656,0,normal
1657,1,series_arc
1658,1,series_arc
1659,0,normal
1660,0,normal
1661,0,normal
1662,1,series_arc
1663,1,series_arc
1664,2,parallel_arc
1665,0,normal
1666,0,normal
1667,0,normal
1668,0,normal
1669,0,normal
1670,2,parallel_arc
1671,1,series_arc
1672,0,normal
1673,0,normal
1674,0,normal
1675,2,parallel_arc
1676,0,normal
1677,0,normal
1678,0,normal
1679,2,parallel_arc
1680,1,series_arc
1681,1,series_arc
1682,1,series_arc
1683,0,normal
1684,0,normal
1685,2,parallel_arc
1686,0,normal
1687,1,series_arc
1688,2,parallel_arc
1689,1,series_arc
1690,0,normal
1691,0,normal
1692,0,normal
1693,1,series_arc
1694,0,normal
1695,0,normal
1696,1,series_arc
1697,0,normal
1698,0,normal
1699,0,normal
1700,0,normal
1701,0,normal
1702,2,parallel_arc
1703,1,series_arc
1704,0,normal
1705,0,normal
1706,0,normal
1707,0,normal
1708,0,normal
1709,1,series_arc
1710,0,normal
1711,0,normal
1712,1,series_arc
1713,0,normal
1714,0,normal
1715,0,normal
1716,0,normal
1717,1,series_arc
1718,0,normal
1719,0,normal
1720,0,normal
1721,2,parallel_arc
1722,0,normal
1723,0,normal
1724,0,normal
1725,2,parallel_arc
1726,0,normal
1727,0,normal
1728,0,normal
1729,1,series_arc
1730,0,normal
1731,0,normal
1732,2,parallel_arc
1733,1,series_arc
1734,2,parallel_arc
1735,2,parallel_arc
1736,2,parallel_arc
1737,2,parallel_arc
1738,0,normal
1739,0,normal
1740,2,parallel_arc
1741,0,normal
1742,0,normal
1743,0,normal
1744,0,normal
1745,0,normal
1746,2,parallel_arc
1747,0,normal
1748,0,normal
1749,2,parallel_arc
1750,0,normal
1751,0,normal
1752,2,parallel_arc
1753,0,normal
1754,0,normal
1755,1,series_arc
1756,0,normal
1757,0,normal
1758,2,parallel_arc
1759,0,normal
1760,2,parallel_arc
1761,0,normal
1762,0,normal
1763,0,normal
1764,0,normal
1765,2,parallel_arc
1766,0,normal
1767,1,series_arc
1768,1,series_arc
1769,0,normal
1770,0,normal
1771,0,normal
1772,0,normal
1773,0,normal
1774,0,normal
1775,0,normal
1776,0,normal
1777,0,normal
1778,1,series_arc
1779,0,normal
1780,1,series_arc
1781,1,series_arc
1782,0,normal
1783,0,normal
1784,0,normal
1785,1,series_arc
1786,1,series_arc
1787,0,normal
1788,1,series_arc
1789,2,parallel_arc
1790,0,normal
1791,1,series_arc
1792,0,normal
1793,0,normal
1794,0,normal
1795,0,normal
1796,1,series_arc
1797,2,parallel_arc
1798,0,normal
1799,1,series_arc
1800,0,normal
1801,1,series_arc
1802,0,normal
1803,1,series_arc
1804,2,parallel_arc
1805,0,normal
1806,1,series_arc
1807,1,series_arc
1808,2,parallel_arc
1809,0,normal
1810,0,normal
1811,0,normal
1812,0,normal
1813,0,normal
1814,0,normal
1815,0,normal
1816,1,series_arc
1817,2,parallel_arc
1818,1,series_arc
1819,0,normal
1820,1,series_arc
1821,0,normal
1822,0,normal
1823,0,normal
1824,0,normal
1825,0,normal
1826,1,series_arc
1827,1,series_arc
1828,0,normal
1829,0,normal
1830,1,series_arc
1831,1,series_arc
1832,0,normal
1833,2,parallel_arc
1834,0,normal
1835,0,normal
1836,0,normal
1837,0,normal
1838,1,series_arc
1839,2,parallel_arc
1840,0,normal
1841,0,normal
1842,2,parallel_arc
1843,0,normal
1844,1,series_arc
1845,0,normal
1846,0,normal
1847,1,series_arc
1848,2,parallel_arc
1849,0,normal
1850,1,series_arc
1851,0,normal
1852,0,normal
1853,2,parallel_arc
1854,2,parallel_arc
1855,0,normal
1856,0,normal
1857,0,normal
1858,0,normal
1859,0,normal
1860,1,series_arc
1861,2,parallel_arc
1862,0,normal
1863,0,normal
1864,1,series_arc
1865,2,parallel_arc
1866,1,series_arc
1867,0,normal
1868,2,parallel_arc
1869,1,series_arc
1870,0,normal
1871,1,series_arc
1872,2,parallel_arc
1873,1,series_arc
1874,1,series_arc
1875,0,normal
1876,0,normal
1877,0,normal
1878,1,series_arc
1879,0,normal
1880,2,parallel_arc
1881,0,normal
1882,0,normal
1883,0,normal
1884,1,series_arc
1885,0,normal
1886,0,normal
1887,0,normal
1888,0,normal
1889,2,parallel_arc
1890,0,normal
1891,0,normal
1892,0,normal
1893,0,normal
1894,0,normal
1895,0,normal
1896,0,normal
1897,0,normal
1898,0,normal
1899,1,series_arc
1900,0,normal
1901,0,normal
1902,0,normal
1903,1,series_arc
1904,0,normal
1905,0,normal
1906,0,normal
1907,0,normal
1908,1,series_arc
1909,0,normal
1910,0,normal
1911,0,normal
1912,0,normal
1913,1,series_arc
1914,0,normal
1915,0,normal
1916,0,normal
1917,0,normal
1918,0,normal
1919,1,series_arc
1920,0,normal
1921,0,normal
1922,0,normal
1923,0,normal
1924,0,normal
1925,2,parallel_arc
1926,0,normal
1927,1,series_arc
1928,1,series_arc
1929,1,series_arc
1930,0,normal
1931,0,normal
1932,0,normal
1933,1,series_arc
1934,0,normal
1935,0,normal
1936,2,parallel_arc
1937,0,normal
1938,1,series_arc
1939,2,parallel_arc
1940,2,parallel_arc
1941,2,parallel_arc
1942,0,normal
1943,0,normal
1944,0,normal
1945,0,normal
1946,2,parallel_arc
1947,2,parallel_arc
1948,0,normal
1949,0,normal
1950,2,parallel_arc
1951,1,series_arc
1952,1,series_arc
1953,1,series_arc
1954,1,series_arc
1955,0,normal
1956,1,series_arc
1957,0,normal
1958,1,series_arc
1959,1,series_arc
1960,2,parallel_arc
1961,0,normal
1962,0,normal
1963,1,series_arc
1964,1,series_arc
1965,0,normal
1966,0,normal
1967,1,series_arc
1968,0,normal
1969,0,normal
1970,0,normal
1971,2,parallel_arc
1972,0,normal
1973,0,normal
1974,2,parallel_arc
1975,1,series_arc
1976,1,series_arc
1977,1,series_arc
1978,0,normal
1979,0,normal
1980,0,normal
1981,0,normal
1982,1,series_arc
1983,2,parallel_arc
1984,2,parallel_arc
1985,0,normal
1986,2,parallel_arc
1987,0,normal
1988,0,normal
1989,0,normal
1990,1,series_arc
1991,0,normal
1992,0,normal
1993,1,series_arc
1994,1,series_arc
1995,2,parallel_arc
1996,0,normal
1997,2,parallel_arc
1998,2,parallel_arc
1999,0,normal
2000,0,normal
2001,0,normal
2002,1,series_arc
2003,0,normal
2004,0,normal
2005,0,normal
2006,0,normal
2007,2,parallel_arc
2008,0,normal
2009,1,series_arc
2010,0,normal
2011,1,series_arc
2012,0,normal
2013,0,normal
2014,2,parallel_arc
2015,0,normal
2016,0,normal
2017,1,series_arc
2018,2,parallel_arc
2019,0,normal
2020,1,series_arc
2021,0,normal
2022,0,normal
2023,0,normal
2024,0,normal
2025,1,series_arc
2026,0,normal
2027,0,normal
2028,0,normal
2029,1,series_arc
2030,1,series_arc
2031,0,normal
2032,0,normal
2033,0,normal
2034,1,series_arc
2035,0,normal
2036,0,normal
2037,0,normal
2038,0,normal
2039,2,parallel_arc
2040,0,normal
2041,1,series_arc
2042,0,normal
2043,0,normal
2044,0,normal
2045,0,normal
2046,0,normal
2047,0,normal
2048,0,normal
2049,1,series_arc
2050,0,normal
2051,0,normal
2052,2,parallel_arc
2053,1,series_arc
2054,2,parallel_arc
2055,2,parallel_arc
2056,1,series_arc
2057,0,normal
2058,2,parallel_arc
2059,2,parallel_arc
2060,0,normal
2061,0,normal
2062,0,normal
2063,1,series_arc
2064,1,series_arc
2065,2,parallel_arc
2066,1,series_arc
2067,0,normal
2068,0,normal
2069,0,normal
2070,2,parallel_arc
2071,0,normal
2072,0,normal
2073,0,normal
2074,0,normal
2075,0,normal
2076,0,normal
2077,0,normal
2078,0,normal
2079,1,series_arc
2080,2,parallel_arc
2081,2,parallel_arc
2082,0,normal
2083,0,normal
2084,2,parallel_arc
2085,1,series_arc
2086,0,normal
2087,0,normal
2088,0,normal
2089,1,series_arc
2090,2,parallel_arc
2091,2,parallel_arc
2092,1,series_arc
2093,0,normal
2094,0,normal
2095,0,normal
2096,2,parallel_arc
2097,0,normal
2098,2,parallel_arc
2099,1,series_arc
2100,0,normal
2101,0,normal
2102,0,normal
2103,0,normal
2104,1,series_arc
2105,2,parallel_arc
2106,0,normal
2107,0,normal
2108,0,normal
2109,0,normal
2110,0,normal
2111,0,normal
2112,0,normal
2113,0,normal
2114,1,series_arc
2115,0,normal
2116,0,normal
2117,0,normal
2118,0,normal
2119,0,normal
2120,0,normal
2121,0,normal
2122,0,normal
2123,2,parallel_arc
2124,0,normal
2125,0,normal
2126,0,normal
2127,0,normal
2128,0,normal
2129,1,series_arc
2130,0,normal
2131,1,series_arc
2132,1,series_arc
2133,1,series_arc
2134,0,normal
2135,1,series_arc
2136,0,normal
2137,0,normal
2138,0,normal
2139,0,normal
2140,0,normal
2141,0,normal
2142,1,series_arc
2143,2,parallel_arc
2144,2,parallel_arc
2145,0,normal
2146,1,series_arc
2147,0,normal
2148,0,normal
2149,1,series_arc
2150,1,series_arc
2151,2,parallel_arc
2152,0,normal
2153,0,normal
2154,0,normal
2155,0,normal
2156,0,normal
2157,0,normal
2158,0,normal
2159,1,series_arc
2160,0,normal
2161,0,normal
2162,1,series_arc
2163,1,series_arc
2164,1,series_arc
2165,0,normal
2166,1,series_arc
2167,2,parallel_arc
2168,0,normal
2169,0,normal
2170,0,normal
2171,2,parallel_arc
2172,0,normal
2173,0,normal
2174,0,normal
2175,0,normal
2176,0,normal
2177,2,parallel_arc
2178,0,normal
2179,0,normal
2180,0,normal
2181,0,normal
2182,2,parallel_arc
2183,0,normal
2184,2,parallel_arc
2185,0,normal
2186,2,parallel_arc
2187,0,normal
2188,1,series_arc
2189,1,series_arc
2190,0,normal
2191,0,normal
2192,1,series_arc
2193,0,normal
2194,0,normal
2195,2,parallel_arc
2196,0,normal
2197,0,normal
2198,0,normal
2199,0,normal
2200,0,normal
2201,0,normal
2202,1,series_arc
2203,1,series_arc
2204,1,series_arc
2205,0,normal
2206,2,parallel_arc
2207,1,series_arc
2208,0,normal
2209,0,normal
2210,1,series_arc
2211,2,parallel_arc
2212,2,parallel_arc
2213,2,parallel_arc
2214,0,normal
2215,0,normal
2216,0,normal
2217,0,normal
2218,2,parallel_arc
2219,0,normal
2220,1,series_arc
2221,0,normal
2222,1,series_arc
2223,0,normal
2224,0,normal
2225,1,series_arc
2226,0,normal
2227,2,parallel_arc
2228,0,normal
2229,2,parallel_arc
2230,0,normal
2231,0,normal
2232,0,normal
2233,0,normal
2234,0,normal
2235,0,normal
2236,0,normal
2237,2,parallel_arc
2238,1,series_arc
2239,0,normal
2240,0,normal
2241,0,normal
2242,1,series_arc
2243,0,normal
2244,0,normal
2245,0,normal
2246,0,normal
2247,0,normal
2248,0,normal
2249,0,normal
2250,0,normal
2251,1,series_arc
2252,0,normal
2253,2,parallel_arc
2254,0,normal
2255,0,normal
2256,1,series_arc
2257,0,normal
2258,0,normal
2259,0,normal
2260,0,normal
2261,1,series_arc
2262,1,series_arc
2263,0,normal
2264,0,normal
2265,0,normal
2266,0,normal
2267,0,normal
2268,0,normal
2269,0,normal
2270,0,normal
2271,0,normal
2272,0,normal
2273,0,normal
2274,0,normal
2275,0,normal
2276,1,series_arc
2277,2,parallel_arc
2278,0,normal
2279,1,series_arc
2280,0,normal
2281,2,parallel_arc
2282,0,normal
2283,0,normal
2284,0,normal
2285,2,parallel_arc
2286,2,parallel_arc
2287,1,series_arc
2288,1,series_arc
2289,0,normal
2290,1,series_arc
2291,0,normal
2292,0,normal
2293,0,normal
2294,0,normal
2295,1,series_arc
2296,0,normal
2297,0,normal
2298,0,normal
2299,2,parallel_arc
2300,2,parallel_arc
2301,0,normal
2302,0,normal
2303,0,normal
2304,1,series_arc
2305,0,normal
2306,1,series_arc
2307,1,series_arc
2308,2,parallel_arc
2309,2,parallel_arc
2310,0,normal
2311,0,normal
2312,0,normal
2313,0,normal
2314,0,normal
2315,1,series_arc
2316,0,normal
2317,0,normal
2318,2,parallel_arc
2319,1,series_arc
2320,1,series_arc
2321,0,normal
2322,1,series_arc
2323,2,parallel_arc
2324,0,normal
2325,0,normal
2326,2,parallel_arc
2327,0,normal
2328,0,normal
2329,0,normal
2330,0,normal
2331,0,normal
2332,0,normal
2333,2,parallel_arc
2334,0,normal
2335,1,series_arc
2336,1,series_arc
2337,2,parallel_arc
2338,1,series_arc
2339,0,normal
2340,2,parallel_arc
2341,0,normal
2342,0,normal
2343,0,normal
2344,0,normal
2345,0,normal
2346,0,normal
2347,0,normal
2348,1,series_arc
2349,1,series_arc
2350,0,normal
2351,2,parallel_arc
2352,0,normal
2353,0,normal
2354,1,series_arc
2355,0,normal
2356,0,normal
2357,0,normal
2358,0,normal
2359,1,series_arc
2360,0,normal
2361,2,parallel_arc
2362,0,normal
2363,2,parallel_arc
2364,0,normal
2365,0,normal
2366,2,parallel_arc
2367,1,series_arc
2368,0,normal
2369,1,series_arc
2370,0,normal
2371,1,series_arc
2372,0,normal
2373,2,parallel_arc
2374,0,normal
2375,0,normal
2376,2,parallel_arc
2377,1,series_arc
2378,1,series_arc
2379,0,normal
2380,0,normal
2381,0,normal
2382,1,series_arc
2383,0,normal
2384,0,normal
2385,1,series_arc
2386,2,parallel_arc
2387,1,series_arc
2388,0,normal
2389,0,normal
2390,0,normal
2391,1,series_arc
2392,0,normal
2393,0,normal
2394,0,normal
2395,0,normal
2396,0,normal
2397,0,normal
2398,0,normal
2399,0,normal
2400,2,parallel_arc
2401,1,series_arc
2402,0,normal
2403,0,normal
2404,0,normal
2405,1,series_arc
2406,1,series_arc
2407,1,series_arc
2408,0,normal
2409,0,normal
2410,2,parallel_arc
2411,0,normal
2412,0,normal
2413,1,series_arc
2414,1,series_arc
2415,0,normal
2416,1,series_arc
2417,0,normal
2418,0,normal
2419,1,series_arc
2420,0,normal
2421,0,normal
2422,1,series_arc
2423,0,normal
2424,0,normal
2425,0,normal
2426,0,normal
2427,0,normal
2428,1,series_arc
2429,0,normal
2430,0,normal
2431,0,normal
2432,1,series_arc
2433,2,parallel_arc
2434,0,normal
2435,2,parallel_arc
2436,0,normal
2437,0,normal
2438,0,normal
2439,0,normal
2440,0,normal
2441,0,normal
2442,0,normal
2443,0,normal
2444,1,series_arc
2445,1,series_arc
2446,2,parallel_arc
2447,1,series_arc
2448,2,parallel_arc
2449,1,series_arc
2450,2,parallel_arc
2451,1,series_arc
2452,0,normal
2453,0,normal
2454,0,normal
2455,1,series_arc
2456,2,parallel_arc
2457,0,normal
2458,0,normal
2459,1,series_arc
2460,0,normal
2461,0,normal
2462,2,parallel_arc
2463,0,normal
2464,0,normal
2465,0,normal
2466,0,normal
2467,0,normal
2468,1,series_arc
2469,0,normal
2470,0,normal
2471,0,normal
2472,0,normal
2473,0,normal
2474,0,normal
2475,1,series_arc
2476,2,parallel_arc
2477,1,series_arc
2478,2,parallel_arc
2479,1,series_arc
2480,1,series_arc
2481,0,normal
2482,0,normal
2483,2,parallel_arc
2484,1,series_arc
2485,0,normal
2486,0,normal
2487,1,series_arc
2488,0,normal
2489,0,normal
2490,0,normal
2491,0,normal
2492,0,normal
2493,2,parallel_arc
2494,0,normal
2495,0,normal
2496,1,series_arc
2497,0,normal
2498,0,normal
2499,1,series_arc
2500,0,normal
2501,0,normal
2502,0,normal
2503,1,series_arc
2504,2,parallel_arc
2505,0,normal
2506,1,series_arc
2507,0,normal
2508,0,normal
2509,0,normal
2510,2,parallel_arc
2511,2,parallel_arc
2512,0,normal
2513,0,normal
2514,0,normal
2515,0,normal
2516,0,normal
2517,1,series_arc
2518,0,normal
2519,0,normal
2520,2,parallel_arc
2521,0,normal
2522,0,normal
2523,0,normal
2524,2,parallel_arc
2525,0,normal
2526,2,parallel_arc
2527,0,normal
2528,1,series_arc
2529,0,normal
2530,0,normal
2531,2,parallel_arc
2532,1,series_arc
2533,0,normal
2534,1,series_arc
2535,2,parallel_arc
2536,0,normal
2537,0,normal
2538,0,normal
2539,0,normal
2540,0,normal
2541,0,normal
2542,2,parallel_arc
2543,0,normal
2544,0,normal
2545,0,normal
2546,2,parallel_arc
2547,0,normal
2548,0,normal
2549,2,parallel_arc
2550,2,parallel_arc
2551,0,normal
2552,0,normal
2553,0,normal
2554,1,series_arc
2555,2,parallel_arc
2556,1,series_arc
2557,0,normal
2558,1,series_arc
2559,0,normal
2560,1,series_arc
2561,2,parallel_arc
2562,0,normal
2563,0,normal
2564,2,parallel_arc
2565,0,normal
2566,1,series_arc
2567,2,parallel_arc
2568,0,normal
2569,0,normal
2570,1,series_arc
2571,1,series_arc
2572,0,normal
2573,0,normal
2574,0,normal
2575,1,series_arc
2576,1,series_arc
2577,1,series_arc
2578,2,parallel_arc
2579,0,normal
2580,0,normal
2581,0,normal
2582,2,parallel_arc
2583,1,series_arc
2584,2,parallel_arc
2585,1,series_arc
2586,0,normal
2587,0,normal
2588,2,parallel_arc
2589,0,normal
2590,2,parallel_arc
2591,0,normal
2592,1,series_arc
2593,0,normal
2594,0,normal
2595,2,parallel_arc
2596,1,series_arc
2597,1,series_arc
2598,0,normal
2599,0,normal
2600,0,normal
2601,0,normal
2602,0,normal
2603,0,normal
2604,0,normal
2605,1,series_arc
2606,0,normal
2607,0,normal
2608,0,normal
2609,0,normal
2610,0,normal
2611,0,normal
2612,2,parallel_arc
2613,2,parallel_arc
2614,1,series_arc
2615,2,parallel_arc
2616,2,parallel_arc
2617,2,parallel_arc
2618,1,series_arc
2619,2,parallel_arc
2620,1,series_arc
2621,0,normal
2622,0,normal
2623,1,series_arc
2624,0,normal
2625,1,series_arc
2626,0,normal
2627,0,normal
2628,0,normal
2629,0,normal
2630,0,normal
2631,0,normal
2632,0,normal
2633,0,normal
2634,2,parallel_arc
2635,0,normal
2636,1,series_arc
2637,2,parallel_arc
2638,0,normal
2639,2,parallel_arc
2640,0,normal
2641,0,normal
2642,0,normal
2643,1,series_arc
2644,1,series_arc
2645,2,parallel_arc
2646,0,normal
2647,0,normal
2648,0,normal
2649,0,normal
2650,0,normal
2651,1,series_arc
2652,1,series_arc
2653,0,normal
2654,0,normal
2655,1,series_arc
2656,1,series_arc
2657,1,series_arc
2658,1,series_arc
2659,1,series_arc
2660,2,parallel_arc
2661,1,series_arc
2662,1,series_arc
2663,0,normal
2664,1,series_arc
2665,2,parallel_arc
2666,1,series_arc
2667,0,normal
2668,0,normal
2669,0,normal
2670,0,normal
2671,0,normal
2672,1,series_arc
2673,2,parallel_arc
2674,0,normal
2675,0,normal
2676,0,normal
2677,0,normal
2678,0,normal
2679,1,series_arc
2680,0,normal
2681,1,series_arc
2682,1,series_arc
2683,1,series_arc
2684,2,parallel_arc
2685,0,normal
2686,0,normal
2687,1,series_arc
2688,0,normal
2689,2,parallel_arc
2690,0,normal
2691,0,normal
2692,1,series_arc
2693,1,series_arc
2694,1,series_arc
2695,1,series_arc
2696,1,series_arc
2697,0,normal
2698,0,normal
2699,0,normal
2700,1,series_arc
2701,0,normal
2702,0,normal
2703,0,normal
2704,0,normal
2705,2,parallel_arc
2706,0,normal
2707,1,series_arc
2708,1,series_arc
2709,0,normal
2710,1,series_arc
2711,0,normal
2712,0,normal
2713,1,series_arc
2714,0,normal
2715,0,normal
2716,0,normal
2717,1,series_arc
2718,0,normal
2719,0,normal
2720,0,normal
2721,0,normal
2722,1,series_arc
2723,0,normal
2724,0,normal
2725,0,normal
2726,0,normal
2727,0,normal
2728,0,normal
2729,1,series_arc
2730,0,normal
2731,2,parallel_arc
2732,2,parallel_arc
2733,0,normal
2734,0,normal
2735,0,normal
2736,1,series_arc
2737,0,normal
2738,0,normal
2739,0,normal
2740,2,parallel_arc
2741,0,normal
2742,2,parallel_arc
2743,0,normal
2744,0,normal
2745,0,normal
2746,0,normal
2747,0,normal
2748,0,normal
2749,1,series_arc
2750,1,series_arc
2751,0,normal
2752,1,series_arc
2753,0,normal
2754,2,parallel_arc
2755,0,normal
2756,0,normal
2757,0,normal
2758,1,series_arc
2759,0,normal
2760,0,normal
2761,1,series_arc
2762,0,normal
2763,0,normal
2764,1,series_arc
2765,0,normal
2766,0,normal
2767,2,parallel_arc
2768,1,series_arc
2769,2,parallel_arc
2770,0,normal
2771,1,series_arc
2772,0,normal
2773,0,normal
2774,0,normal
2775,0,normal
2776,2,parallel_arc
2777,0,normal
2778,1,series_arc
2779,0,normal
2780,0,normal
2781,1,series_arc
2782,0,normal
2783,0,normal
2784,1,series_arc
2785,1,series_arc
2786,0,normal
2787,0,normal
2788,0,normal
2789,0,normal
2790,1,series_arc
2791,1,series_arc
2792,2,parallel_arc
2793,1,series_arc
2794,0,normal
2795,0,normal
2796,0,normal
2797,0,normal
2798,1,series_arc
2799,2,parallel_arc
2800,1,series_arc
2801,1,series_arc
2802,0,normal
2803,1,series_arc
2804,0,normal
2805,0,normal
2806,1,series_arc
2807,0,normal
2808,1,series_arc
2809,2,parallel_arc
2810,1,series_arc
2811,1,series_arc
2812,2,parallel_arc
2813,1,series_arc
2814,0,normal
2815,0,normal
2816,0,normal
2817,0,normal
2818,2,parallel_arc
2819,1,series_arc
2820,0,normal
2821,1,series_arc
2822,0,normal
2823,0,normal
2824,2,parallel_arc
2825,1,series_arc
2826,2,parallel_arc
2827,0,normal
2828,1,series_arc
2829,0,normal
2830,0,normal
2831,0,normal
2832,0,normal
2833,0,normal
2834,0,normal
2835,0,normal
2836,0,normal
2837,0,normal
2838,0,normal
2839,2,parallel_arc
2840,0,normal
2841,0,normal
2842,1,series_arc
2843,1,series_arc
2844,1,series_arc
2845,0,normal
2846,0,normal
2847,2,parallel_arc
2848,1,series_arc
2849,0,normal
2850,0,normal
2851,0,normal
2852,1,series_arc
2853,1,series_arc
2854,0,normal
2855,0,normal
2856,0,normal
2857,0,normal
2858,0,normal
2859,1,series_arc
2860,1,series_arc
2861,0,normal
2862,0,normal
2863,1,series_arc
2864,1,series_arc
2865,2,parallel_arc
2866,0,normal
2867,1,series_arc
2868,0,normal
2869,0,normal
2870,0,normal
2871,0,normal
2872,2,parallel_arc
2873,0,normal
2874,1,series_arc
2875,1,series_arc
2876,0,normal
2877,2,parallel_arc
2878,1,series_arc
2879,1,series_arc
2880,0,normal
2881,0,normal
2882,1,series_arc
2883,0,normal
2884,2,parallel_arc
2885,0,normal
2886,0,normal
2887,1,series_arc
2888,1,series_arc
2889,0,normal
2890,1,series_arc
2891,1,series_arc
2892,0,normal
2893,1,series_arc
2894,0,normal
2895,0,normal
2896,0,normal
2897,1,series_arc
2898,0,normal
2899,0,normal
2900,1,series_arc
2901,0,normal
2902,0,normal
2903,1,series_arc
2904,0,normal
2905,0,normal
2906,1,series_arc
2907,0,normal
2908,0,normal
2909,0,normal
2910,0,normal
2911,2,parallel_arc
2912,0,normal
2913,1,series_arc
2914,1,series_arc
2915,0,normal
2916,2,parallel_arc
2917,0,normal
2918,0,normal
2919,0,normal
2920,0,normal
2921,2,parallel_arc
2922,1,series_arc
2923,0,normal
2924,0,normal
2925,1,series_arc
2926,1,series_arc
2927,0,normal
2928,0,normal
2929,2,parallel_arc
2930,1,series_arc
2931,0,normal
2932,1,series_arc
2933,0,normal
2934,0,normal
2935,2,parallel_arc
2936,1,series_arc
2937,0,normal
2938,1,series_arc
2939,1,series_arc
2940,1,series_arc
2941,0,normal
2942,0,normal
2943,0,normal
2944,0,normal
2945,1,series_arc
2946,0,normal
2947,0,normal
2948,0,normal
2949,0,normal
2950,0,normal
2951,0,normal
2952,1,series_arc
2953,1,series_arc
2954,0,normal
2955,0,normal
2956,1,series_arc
2957,1,series_arc
2958,1,series_arc
2959,0,normal
2960,0,normal
2961,0,normal
2962,1,series_arc
2963,0,normal
2964,2,parallel_arc
2965,1,series_arc
2966,0,normal
2967,1,series_arc
2968,2,parallel_arc
2969,0,normal
2970,0,normal
2971,1,series_arc
2972,0,normal
2973,0,normal
2974,0,normal
2975,1,series_arc
2976,1,series_arc
2977,0,normal
2978,0,normal
2979,0,normal
2980,0,normal
2981,0,normal
2982,0,normal
2983,0,normal
2984,0,normal
2985,0,normal
2986,0,normal
2987,0,normal
2988,0,normal
2989,0,normal
2990,0,normal
2991,0,normal
2992,0,normal
2993,0,normal
2994,0,normal
2995,0,normal
2996,0,normal
2997,2,parallel_arc
2998,1,series_arc
2999,1,series_arc
3000,1,series_arc
3001,2,parallel_arc
3002,0,normal
3003,0,normal
3004,1,series_arc
3005,0,normal
3006,1,series_arc
3007,1,series_arc
3008,1,series_arc
3009,1,series_arc
3010,2,parallel_arc
3011,1,series_arc
3012,0,normal
3013,0,normal
3014,1,series_arc
3015,0,normal
3016,2,parallel_arc
3017,0,normal
3018,0,normal
3019,2,parallel_arc
3020,0,normal
3021,0,normal
3022,1,series_arc
3023,0,normal
3024,2,parallel_arc
3025,0,normal
3026,1,series_arc
3027,0,normal
3028,0,normal
3029,0,normal
3030,1,series_arc
3031,0,normal
3032,0,normal
3033,0,normal
3034,0,normal
3035,0,normal
3036,0,normal
3037,0,normal
3038,2,parallel_arc
3039,0,normal
3040,0,normal
3041,0,normal
3042,0,normal
3043,0,normal
3044,1,series_arc
3045,0,normal
3046,2,parallel_arc
3047,0,normal
3048,0,normal
3049,1,series_arc
3050,1,series_arc
3051,2,parallel_arc
3052,0,normal
3053,2,parallel_arc
3054,1,series_arc
3055,1,series_arc
3056,0,normal
3057,0,normal
3058,2,parallel_arc
3059,0,normal
3060,1,series_arc
3061,0,normal
3062,0,normal
3063,0,normal
3064,0,normal
3065,0,normal
3066,0,normal
3067,0,normal
3068,0,normal
3069,2,parallel_arc
3070,1,series_arc
3071,0,normal
3072,0,normal
3073,1,series_arc
3074,1,series_arc
3075,0,normal
3076,0,normal
3077,0,normal
3078,1,series_arc
3079,1,series_arc
3080,2,parallel_arc
3081,1,series_arc
3082,2,parallel_arc
3083,0,normal
3084,0,normal
3085,0,normal
3086,0,normal
3087,0,normal
3088,1,series_arc
3089,0,normal
3090,0,normal
3091,1,series_arc
3092,0,normal
3093,1,series_arc
3094,0,normal
3095,1,series_arc
3096,0,normal
3097,0,normal
3098,0,normal
3099,0,normal
3100,0,normal
3101,0,normal
3102,0,normal
3103,0,normal
3104,1,series_arc
3105,0,normal
3106,0,normal
3107,0,normal
3108,1,series_arc
3109,0,normal
3110,1,series_arc
3111,2,parallel_arc
3112,1,series_arc
3113,0,normal
3114,0,normal
3115,1,series_arc
3116,2,parallel_arc
3117,2,parallel_arc
3118,2,parallel_arc
3119,0,normal
3120,1,series_arc
3121,2,parallel_arc
3122,2,parallel_arc
3123,1,series_arc
3124,1,series_arc
3125,1,series_arc
3126,0,normal
3127,0,normal
3128,0,normal
3129,0,normal
3130,0,normal
3131,2,parallel_arc
3132,0,normal
3133,0,normal
3134,0,normal
3135,1,series_arc
3136,0,normal
3137,2,parallel_arc
3138,2,parallel_arc
3139,0,normal
3140,2,parallel_arc
3141,0,normal
3142,0,normal
3143,0,normal
3144,0,normal
3145,1,series_arc
3146,2,parallel_arc
3147,0,normal
3148,1,series_arc
3149,0,normal
3150,0,normal
3151,1,series_arc
3152,0,normal
3153,0,normal
3154,0,normal
3155,2,parallel_arc
3156,0,normal
3157,2,parallel_arc
3158,2,parallel_arc
3159,1,series_arc
3160,2,parallel_arc
3161,0,normal
3162,1,series_arc
3163,1,series_arc
3164,1,series_arc
3165,1,series_arc
3166,0,normal
3167,1,series_arc
3168,0,normal
3169,0,normal
3170,2,parallel_arc
3171,1,series_arc
3172,1,series_arc
3173,2,parallel_arc
3174,0,normal
3175,2,parallel_arc
3176,0,normal
3177,1,series_arc
3178,1,series_arc
3179,0,normal
3180,2,parallel_arc
3181,2,parallel_arc
3182,0,normal
3183,0,normal
3184,0,normal
3185,1,series_arc
3186,0,normal
3187,0,normal
3188,1,series_arc
3189,1,series_arc
3190,0,normal
3191,0,normal
3192,0,normal
3193,0,normal
3194,0,normal
3195,0,normal
3196,0,normal
3197,0,normal
3198,0,normal
3199,1,series_arc
3200,0,normal
3201,1,series_arc
3202,2,parallel_arc
3203,0,normal
3204,0,normal
3205,0,normal
3206,0,normal
3207,1,series_arc
3208,1,series_arc
3209,0,normal
3210,1,series_arc
3211,1,series_arc
3212,0,normal
3213,0,normal
3214,0,normal
3215,1,series_arc
3216,1,series_arc
3217,0,normal
3218,1,series_arc
3219,0,normal
3220,0,normal
3221,0,normal
3222,2,parallel_arc
3223,0,normal
3224,0,normal
3225,0,normal
3226,0,normal
3227,0,normal
3228,0,normal
3229,0,normal
3230,0,normal
3231,0,normal
3232,0,normal
3233,1,series_arc
3234,0,normal
3235,0,normal
3236,2,parallel_arc
3237,0,normal
3238,0,normal
3239,0,normal
3240,2,parallel_arc
3241,0,normal
3242,0,normal
3243,0,normal
3244,0,normal
3245,0,normal
3246,1,series_arc
3247,1,series_arc
3248,0,normal
3249,0,normal
3250,0,normal
3251,0,normal
3252,0,normal
3253,2,parallel_arc
3254,1,series_arc
3255,2,parallel_arc
3256,1,series_arc
3257,0,normal
3258,0,normal
3259,0,normal
3260,2,parallel_arc
3261,2,parallel_arc
3262,0,normal
3263,1,series_arc
3264,0,normal
3265,0,normal
3266,0,normal
3267,0,normal
3268,1,series_arc
3269,0,normal
3270,0,normal
3271,1,series_arc
3272,0,normal
3273,0,normal
3274,1,series_arc
3275,0,normal
3276,0,normal
3277,0,normal
3278,1,series_arc
3279,0,normal
3280,0,normal
3281,2,parallel_arc
3282,2,parallel_arc
3283,0,normal
3284,1,series_arc
3285,2,parallel_arc
3286,0,normal
3287,0,normal
3288,1,series_arc
3289,0,normal
3290,0,normal
3291,1,series_arc
3292,0,normal
3293,0,normal
3294,0,normal
3295,0,normal
3296,0,normal
3297,2,parallel_arc
3298,0,normal
3299,2,parallel_arc
3300,1,series_arc
3301,1,series_arc
3302,0,normal
3303,0,normal
3304,0,normal
3305,0,normal
3306,2,parallel_arc
3307,0,normal
3308,0,normal
3309,0,normal
3310,1,series_arc
3311,0,normal
3312,0,normal
3313,2,parallel_arc
3314,0,normal
3315,2,parallel_arc
3316,2,parallel_arc
3317,2,parallel_arc
3318,2,parallel_arc
3319,2,parallel_arc
3320,2,parallel_arc
3321,2,parallel_arc
3322,1,series_arc
3323,0,normal
3324,0,normal
3325,0,normal
3326,0,normal
3327,1,series_arc
3328,0,normal
3329,0,normal
3330,1,series_arc
3331,0,normal
3332,0,normal
3333,0,normal
3334,0,normal
3335,1,series_arc
3336,2,parallel_arc
3337,0,normal
3338,2,parallel_arc
3339,2,parallel_arc
3340,1,series_arc
3341,1,series_arc
3342,0,normal
3343,0,normal
3344,0,normal
3345,0,normal
3346,0,normal
3347,1,series_arc
3348,0,normal
3349,2,parallel_arc
3350,1,series_arc
3351,0,normal
3352,0,normal
3353,0,normal
3354,1,series_arc
3355,0,normal
3356,0,normal
3357,0,normal
3358,1,series_arc
3359,0,normal
3360,1,series_arc
3361,0,normal
3362,0,normal
3363,0,normal
3364,0,normal
3365,2,parallel_arc
3366,1,series_arc
3367,2,parallel_arc
3368,1,series_arc
3369,2,parallel_arc
3370,1,series_arc
3371,1,series_arc
3372,2,parallel_arc
3373,0,normal
3374,1,series_arc
3375,1,series_arc
3376,2,parallel_arc
3377,1,series_arc
3378,0,normal
3379,2,parallel_arc
3380,1,series_arc
3381,0,normal
3382,0,normal
3383,2,parallel_arc
3384,0,normal
3385,2,parallel_arc
3386,2,parallel_arc
3387,0,normal
3388,0,normal
3389,0,normal
3390,0,normal
3391,0,normal
3392,0,normal
3393,2,parallel_arc
3394,1,series_arc
3395,0,normal
3396,0,normal
3397,0,normal
3398,0,normal
3399,1,series_arc
3400,1,series_arc
3401,1,series_arc
3402,1,series_arc
3403,2,parallel_arc
3404,0,normal
3405,0,normal
3406,0,normal
3407,0,normal
3408,1,series_arc
3409,0,normal
3410,1,series_arc
3411,2,parallel_arc
3412,0,normal
3413,1,series_arc
3414,0,normal
3415,0,normal
3416,2,parallel_arc
3417,0,normal
3418,2,parallel_arc
3419,2,parallel_arc
3420,0,normal
3421,0,normal
3422,0,normal
3423,0,normal
3424,0,normal
3425,2,parallel_arc
3426,0,normal
3427,1,series_arc
3428,1,series_arc
3429,0,normal
3430,0,normal
3431,0,normal
3432,0,normal
3433,0,normal
3434,1,series_arc
3435,1,series_arc
3436,0,normal
3437,2,parallel_arc
3438,0,normal
3439,0,normal
3440,0,normal
3441,0,normal
3442,0,normal
3443,2,parallel_arc
3444,1,series_arc
3445,0,normal
3446,0,normal
3447,0,normal
3448,1,series_arc
3449,2,parallel_arc
3450,1,series_arc
3451,1,series_arc
3452,0,normal
3453,0,normal
3454,2,parallel_arc
3455,0,normal
3456,0,normal
3457,0,normal
3458,1,series_arc
3459,0,normal
3460,1,series_arc
3461,0,normal
3462,0,normal
3463,1,series_arc
3464,0,normal
3465,0,normal
3466,0,normal
3467,1,series_arc
3468,1,series_arc
3469,0,normal
3470,0,normal
3471,1,series_arc
3472,0,normal
3473,0,normal
3474,0,normal
3475,0,normal
3476,0,normal
3477,0,normal
3478,2,parallel_arc
3479,1,series_arc
3480,0,normal
3481,0,normal
3482,2,parallel_arc
3483,0,normal
3484,0,normal
3485,0,normal
3486,0,normal
3487,2,parallel_arc
3488,0,normal
3489,0,normal
3490,1,series_arc
3491,2,parallel_arc
3492,0,normal
3493,0,normal
3494,0,normal
3495,0,normal
3496,0,normal
3497,0,normal
3498,0,normal
3499,0,normal
3500,2,parallel_arc
3501,1,series_arc
3502,0,normal
3503,1,series_arc
3504,1,series_arc
3505,0,normal
3506,0,normal
3507,2,parallel_arc
3508,1,series_arc
3509,0,normal
3510,2,parallel_arc
3511,2,parallel_arc
3512,0,normal
3513,0,normal
3514,2,parallel_arc
3515,1,series_arc
3516,0,normal
3517,0,normal
3518,0,normal
3519,2,parallel_arc
3520,2,parallel_arc
3521,0,normal
3522,1,series_arc
3523,0,normal
3524,2,parallel_arc
3525,0,normal
3526,1,series_arc
3527,2,parallel_arc
3528,0,normal
3529,0,normal
3530,0,normal
3531,0,normal
3532,0,normal
3533,1,series_arc
3534,0,normal
3535,0,normal
3536,0,normal
3537,0,normal
3538,0,normal
3539,1,series_arc
3540,0,normal
3541,0,normal
3542,1,series_arc
3543,0,normal
3544,0,normal
3545,0,normal
3546,1,series_arc
3547,0,normal
3548,0,normal
3549,2,parallel_arc
3550,0,normal
3551,2,parallel_arc
3552,0,normal
3553,1,series_arc
3554,0,normal
3555,0,normal
3556,0,normal
3557,1,series_arc
3558,2,parallel_arc
3559,0,normal
3560,2,parallel_arc
3561,0,normal
3562,1,series_arc
3563,0,normal
3564,0,normal
3565,1,series_arc
3566,2,parallel_arc
3567,0,normal
3568,0,normal
3569,2,parallel_arc
3570,0,normal
3571,2,parallel_arc
3572,2,parallel_arc
3573,0,normal
3574,0,normal
3575,2,parallel_arc
3576,2,parallel_arc
3577,0,normal
3578,1,series_arc
3579,0,normal
3580,0,normal
3581,0,normal
3582,0,normal
3583,0,normal
3584,0,normal
3585,0,normal
3586,0,normal
3587,2,parallel_arc
3588,2,parallel_arc
3589,1,series_arc
3590,0,normal
3591,0,normal
3592,0,normal
3593,1,series_arc
3594,2,parallel_arc
3595,0,normal
3596,0,normal
3597,2,parallel_arc
3598,0,normal
3599,1,series_arc
3600,0,normal
3601,0,normal
3602,0,normal
3603,1,series_arc
3604,2,parallel_arc
3605,0,normal
3606,2,parallel_arc
3607,1,series_arc
3608,0,normal
3609,0,normal
3610,1,series_arc
3611,1,series_arc
3612,1,series_arc
3613,0,normal
3614,0,normal
3615,1,series_arc
3616,0,normal
3617,0,normal
3618,0,normal
3619,0,normal
3620,2,parallel_arc
3621,0,normal
3622,1,series_arc
3623,2,parallel_arc
3624,0,normal
3625,1,series_arc
3626,0,normal
3627,1,series_arc
3628,0,normal
3629,2,parallel_arc
3630,0,normal
3631,0,normal
3632,0,normal
3633,0,normal
3634,2,parallel_arc
3635,0,normal
3636,1,series_arc
3637,0,normal
3638,0,normal
3639,0,normal
3640,0,normal
3641,0,normal
3642,1,series_arc
3643,1,series_arc
3644,0,normal
3645,1,series_arc
3646,0,normal
3647,2,parallel_arc
3648,0,normal
3649,0,normal
3650,1,series_arc
3651,0,normal
3652,0,normal
3653,0,normal
3654,0,normal
3655,0,normal
3656,1,series_arc
3657,1,series_arc
3658,0,normal
3659,1,series_arc
3660,1,series_arc
3661,2,parallel_arc
3662,0,normal
3663,1,series_arc
3664,0,normal
3665,0,normal
3666,1,series_arc
3667,0,normal
3668,1,series_arc
3669,0,normal
3670,0,normal
3671,0,normal
3672,0,normal
3673,0,normal
3674,1,series_arc
3675,0,normal
3676,0,normal
3677,1,series_arc
3678,0,normal
3679,0,normal
3680,1,series_arc
3681,1,series_arc
3682,0,normal
3683,0,normal
3684,0,normal
3685,0,normal
3686,0,normal
3687,0,normal
3688,2,parallel_arc
3689,0,normal
3690,1,series_arc
3691,0,normal
3692,0,normal
3693,0,normal
3694,2,parallel_arc
3695,1,series_arc
3696,1,series_arc
3697,0,normal
3698,1,series_arc
3699,2,parallel_arc
3700,0,normal
3701,1,series_arc
3702,1,series_arc
3703,0,normal
3704,0,normal
3705,1,series_arc
3706,1,series_arc
3707,2,parallel_arc
3708,1,series_arc
3709,0,normal
3710,0,normal
3711,1,series_arc
3712,1,series_arc
3713,1,series_arc
3714,0,normal
3715,1,series_arc
3716,1,series_arc
3717,0,normal
3718,0,normal
3719,0,normal
3720,0,normal
3721,1,series_arc
3722,1,series_arc
3723,1,series_arc
3724,0,normal
3725,0,normal
3726,0,normal
3727,2,parallel_arc
3728,0,normal
3729,0,normal
3730,0,normal
3731,2,parallel_arc
3732,0,normal
3733,1,series_arc
3734,1,series_arc
3735,0,normal
3736,0,normal
3737,0,normal
3738,0,normal
3739,1,series_arc
3740,0,normal
3741,0,normal
3742,0,normal
3743,0,normal
3744,0,normal
3745,1,series_arc
3746,2,parallel_arc
3747,1,series_arc
3748,0,normal
3749,0,normal
3750,0,normal
3751,1,series_arc
3752,0,normal
3753,0,normal
3754,0,normal
3755,1,series_arc
3756,1,series_arc
3757,1,series_arc
3758,0,normal
3759,0,normal
3760,1,series_arc
3761,0,normal
3762,0,normal
3763,1,series_arc
3764,0,normal
3765,0,normal
3766,0,normal
3767,1,series_arc
3768,0,normal
3769,1,series_arc
3770,0,normal
3771,0,normal
3772,0,normal
3773,0,normal
3774,1,series_arc
3775,0,normal
3776,0,normal
3777,0,normal
3778,0,normal
3779,1,series_arc
3780,1,series_arc
3781,2,parallel_arc
3782,0,normal
3783,2,parallel_arc
3784,0,normal
3785,1,series_arc
3786,2,parallel_arc
3787,0,normal
3788,0,normal
3789,2,parallel_arc
3790,1,series_arc
3791,1,series_arc
3792,0,normal
3793,0,normal
3794,2,parallel_arc
3795,0,normal
3796,0,normal
3797,0,normal
3798,0,normal
3799,2,parallel_arc
3800,0,normal
3801,0,normal
3802,1,series_arc
3803,2,parallel_arc
3804,0,normal
3805,0,normal
3806,0,normal
3807,0,normal
3808,2,parallel_arc
3809,1,series_arc
3810,0,normal
3811,0,normal
3812,0,normal
3813,0,normal
3814,0,normal
3815,2,parallel_arc
3816,2,parallel_arc
3817,0,normal
3818,0,normal
3819,1,series_arc
3820,0,normal
3821,0,normal
3822,1,series_arc
3823,0,normal
3824,2,parallel_arc
3825,1,series_arc
3826,0,normal
3827,0,normal
3828,0,normal
3829,1,series_arc
3830,0,normal
3831,1,series_arc
3832,1,series_arc
3833,0,normal
3834,0,normal
3835,2,parallel_arc
3836,0,normal
3837,0,normal
3838,0,normal
3839,0,normal
3840,1,series_arc
3841,0,normal
3842,0,normal
3843,0,normal
3844,1,series_arc
3845,0,normal
3846,0,normal
3847,0,normal
3848,1,series_arc
3849,0,normal
3850,0,normal
3851,0,normal
3852,0,normal
3853,0,normal
3854,1,series_arc
3855,1,series_arc
3856,0,normal
3857,1,series_arc
3858,0,normal
3859,1,series_arc
3860,1,series_arc
3861,2,parallel_arc
3862,0,normal
3863,0,normal
3864,0,normal
3865,0,normal
3866,0,normal
3867,2,parallel_arc
3868,2,parallel_arc
3869,1,series_arc
3870,0,normal
3871,0,normal
3872,1,series_arc
3873,1,series_arc
3874,0,normal
3875,1,series_arc
3876,0,normal
3877,2,parallel_arc
3878,0,normal
3879,0,normal
3880,1,series_arc
3881,1,series_arc
3882,2,parallel_arc
3883,2,parallel_arc
3884,1,series_arc
3885,1,series_arc
3886,1,series_arc
3887,0,normal
3888,1,series_arc
3889,0,normal
3890,0,normal
3891,0,normal
3892,1,series_arc
3893,0,normal
3894,1,series_arc
3895,0,normal
3896,0,normal
3897,0,normal
3898,0,normal
3899,0,normal
3900,0,normal
3901,0,normal
3902,2,parallel_arc
3903,0,normal
3904,1,series_arc
3905,1,series_arc
3906,2,parallel_arc
3907,0,normal
3908,0,normal
3909,2,parallel_arc
3910,0,normal
3911,1,series_arc
3912,2,parallel_arc
3913,2,parallel_arc
3914,0,normal
3915,0,normal
3916,2,parallel_arc
3917,1,series_arc
3918,2,parallel_arc
3919,0,normal
3920,0,normal
3921,1,series_arc
3922,0,normal
3923,2,parallel_arc
3924,2,parallel_arc
3925,1,series_arc
3926,0,normal
3927,1,series_arc
3928,1,series_arc
3929,1,series_arc
3930,1,series_arc
3931,1,series_arc
3932,0,normal
3933,0,normal
3934,2,parallel_arc
3935,0,normal
3936,1,series_arc
3937,0,normal
3938,0,normal
3939,2,parallel_arc
3940,0,normal
3941,0,normal
3942,2,parallel_arc
3943,0,normal
3944,0,normal
3945,1,series_arc
3946,0,normal
3947,0,normal
3948,1,series_arc
3949,2,parallel_arc
3950,0,normal
3951,0,normal
3952,0,normal
3953,1,series_arc
3954,1,series_arc
3955,0,normal
3956,1,series_arc
3957,0,normal
3958,2,parallel_arc
3959,1,series_arc
3960,0,normal
3961,0,normal
3962,0,normal
3963,0,normal
3964,0,normal
3965,0,normal
3966,0,normal
3967,0,normal
3968,1,series_arc
3969,0,normal
3970,1,series_arc
3971,1,series_arc
3972,0,normal
3973,0,normal
3974,0,normal
3975,1,series_arc
3976,2,parallel_arc
3977,0,normal
3978,0,normal
3979,0,normal
3980,0,normal
3981,1,series_arc
3982,0,normal
3983,0,normal
3984,0,normal
3985,0,normal
3986,0,normal
3987,0,normal
3988,2,parallel_arc
3989,0,normal
3990,0,normal
3991,0,normal
3992,1,series_arc
3993,0,normal
3994,1,series_arc
3995,0,normal
3996,0,normal
3997,0,normal
3998,0,normal
3999,0,normal
4000,0,normal
4001,1,series_arc
4002,0,normal
4003,0,normal
4004,0,normal
4005,0,normal
4006,2,parallel_arc
4007,0,normal
4008,0,normal
4009,0,normal
4010,0,normal
4011,0,normal
4012,0,normal
4013,0,normal
4014,0,normal
4015,0,normal
4016,2,parallel_arc
4017,2,parallel_arc
4018,0,normal
4019,2,parallel_arc
4020,0,normal
4021,2,parallel_arc
4022,0,normal
4023,0,normal
4024,1,series_arc
4025,0,normal
4026,0,normal
4027,1,series_arc
4028,0,normal
4029,1,series_arc
4030,0,normal
4031,0,normal
4032,1,series_arc
4033,0,normal
4034,1,series_arc
4035,1,series_arc
4036,1,series_arc
4037,0,normal
4038,1,series_arc
4039,0,normal
4040,0,normal
4041,0,normal
4042,0,normal
4043,0,normal
4044,1,series_arc
4045,0,normal
4046,0,normal
4047,1,series_arc
4048,1,series_arc
4049,2,parallel_arc
4050,1,series_arc
4051,2,parallel_arc
4052,1,series_arc
4053,0,normal
4054,0,normal
4055,1,series_arc
4056,0,normal
4057,1,series_arc
4058,2,parallel_arc
4059,1,series_arc
4060,0,normal
4061,0,normal
4062,2,parallel_arc
4063,0,normal
4064,2,parallel_arc
4065,0,normal
4066,0,normal
4067,0,normal
4068,0,normal
4069,0,normal
4070,1,series_arc
4071,0,normal
4072,2,parallel_arc
4073,2,parallel_arc
4074,1,series_arc
4075,0,normal
4076,1,series_arc
4077,0,normal
4078,0,normal
4079,0,normal
4080,1,series_arc
4081,0,normal
4082,0,normal
4083,0,normal
4084,1,series_arc
4085,0,normal
4086,1,series_arc
4087,0,normal
4088,0,normal
4089,1,series_arc
4090,0,normal
4091,0,normal
4092,1,series_arc
4093,1,series_arc
4094,2,parallel_arc
4095,0,normal
4096,1,series_arc
4097,0,normal
4098,0,normal
4099,0,normal
4100,0,normal
4101,0,normal
4102,2,parallel_arc
4103,1,series_arc
4104,0,normal
4105,2,parallel_arc
4106,0,normal
4107,1,series_arc
4108,0,normal
4109,1,series_arc
4110,0,normal
4111,0,normal
4112,0,normal
4113,0,normal
4114,2,parallel_arc
4115,1,series_arc
4116,1,series_arc
4117,0,normal
4118,0,normal
4119,1,series_arc
4120,0,normal
4121,1,series_arc
4122,0,normal
4123,0,normal
4124,2,parallel_arc
4125,0,normal
4126,0,normal
4127,0,normal
4128,2,parallel_arc
4129,2,parallel_arc
4130,2,parallel_arc
4131,2,parallel_arc
4132,0,normal
4133,2,parallel_arc
4134,2,parallel_arc
4135,0,normal
4136,0,normal
4137,1,series_arc
4138,1,series_arc
4139,0,normal
4140,1,series_arc
4141,1,series_arc
4142,0,normal
4143,0,normal
4144,2,parallel_arc
4145,0,normal
4146,1,series_arc
4147,2,parallel_arc
4148,1,series_arc
4149,2,parallel_arc
4150,0,normal
4151,0,normal
4152,0,normal
4153,0,normal
4154,2,parallel_arc
4155,2,parallel_arc
4156,0,normal
4157,0,normal
4158,1,series_arc
4159,0,normal
4160,0,normal
4161,0,normal
4162,0,normal
4163,0,normal
4164,0,normal
4165,2,parallel_arc
4166,2,parallel_arc
4167,0,normal
4168,2,parallel_arc
4169,2,parallel_arc
4170,0,normal
4171,0,normal
4172,0,normal
4173,0,normal
4174,0,normal
4175,0,normal
4176,1,series_arc
4177,2,parallel_arc
4178,0,normal
4179,0,normal
4180,2,parallel_arc
4181,1,series_arc
4182,0,normal
4183,0,normal
4184,0,normal
4185,0,normal
4186,0,normal
4187,0,normal
4188,0,normal
4189,0,normal
4190,1,series_arc
4191,0,normal
4192,2,parallel_arc
4193,0,normal
4194,0,normal
4195,0,normal
4196,0,normal
4197,2,parallel_arc
4198,1,series_arc
4199,0,normal
4200,1,series_arc
4201,1,series_arc
4202,1,series_arc
4203,1,series_arc
4204,0,normal
4205,1,series_arc
4206,0,normal
4207,2,parallel_arc
4208,0,normal
4209,1,series_arc
4210,1,series_arc
4211,0,normal
4212,1,series_arc
4213,1,series_arc
4214,0,normal
4215,0,normal
4216,1,series_arc
4217,1,series_arc
4218,0,normal
4219,0,normal
4220,0,normal
4221,1,series_arc
4222,2,parallel_arc
4223,0,normal
4224,1,series_arc
4225,2,parallel_arc
4226,0,normal
4227,1,series_arc
4228,0,normal
4229,1,series_arc
4230,0,normal
4231,2,parallel_arc
4232,2,parallel_arc
4233,0,normal
4234,0,normal
4235,0,normal
4236,1,series_arc
4237,1,series_arc
4238,0,normal
4239,1,series_arc
4240,0,normal
4241,2,parallel_arc
4242,2,parallel_arc
4243,0,normal
4244,0,normal
4245,0,normal
4246,0,normal
4247,0,normal
4248,2,parallel_arc
4249,0,normal
4250,0,normal
4251,0,normal
4252,2,parallel_arc
4253,0,normal
4254,1,series_arc
4255,2,parallel_arc
4256,0,normal
4257,0,normal
4258,0,normal
4259,0,normal
4260,1,series_arc
4261,0,normal
4262,1,series_arc
4263,1,series_arc
4264,0,normal
4265,1,series_arc
4266,0,normal
4267,0,normal
4268,1,series_arc
4269,0,normal
4270,0,normal
4271,0,normal
4272,1,series_arc
4273,0,normal
4274,2,parallel_arc
4275,0,normal
4276,0,normal
4277,1,series_arc
4278,0,normal
4279,1,series_arc
4280,0,normal
4281,1,series_arc
4282,0,normal
4283,1,series_arc
4284,0,normal
4285,0,normal
4286,0,normal
4287,1,series_arc
4288,0,normal
4289,0,normal
4290,1,series_arc
4291,2,parallel_arc
4292,1,series_arc
4293,1,series_arc
4294,2,parallel_arc
4295,2,parallel_arc
4296,1,series_arc
4297,0,normal
4298,2,parallel_arc
4299,1,series_arc
4300,1,series_arc
4301,1,series_arc
4302,1,series_arc
4303,1,series_arc
4304,0,normal
4305,0,normal
4306,0,normal
4307,0,normal
4308,0,normal
4309,0,normal
4310,2,parallel_arc
4311,0,normal
4312,1,series_arc
4313,0,normal
4314,0,normal
4315,0,normal
4316,2,parallel_arc
4317,2,parallel_arc
4318,2,parallel_arc
4319,0,normal
4320,2,parallel_arc
4321,0,normal
4322,0,normal
4323,2,parallel_arc
4324,0,normal
4325,0,normal
4326,2,parallel_arc
4327,2,parallel_arc
4328,1,series_arc
4329,0,normal
4330,0,normal
4331,2,parallel_arc
4332,0,normal
4333,2,parallel_arc
4334,2,parallel_arc
4335,0,normal
4336,0,normal
4337,0,normal
4338,1,series_arc
4339,0,normal
4340,0,normal
4341,0,normal
4342,0,normal
4343,0,normal
4344,0,normal
4345,0,normal
4346,2,parallel_arc
4347,0,normal
4348,0,normal
4349,0,normal
4350,0,normal
4351,0,normal
4352,1,series_arc
4353,0,normal
4354,0,normal
4355,0,normal
4356,0,normal
4357,1,series_arc
4358,1,series_arc
4359,0,normal
4360,0,normal
4361,0,normal
4362,1,series_arc
4363,0,normal
4364,0,normal
4365,0,normal
4366,0,normal
4367,0,normal
4368,0,normal
4369,1,series_arc
4370,2,parallel_arc
4371,1,series_arc
4372,0,normal
4373,0,normal
4374,1,series_arc
4375,0,normal
4376,0,normal
4377,1,series_arc
4378,0,normal
4379,0,normal
4380,2,parallel_arc
4381,0,normal
4382,0,normal
4383,0,normal
4384,0,normal
4385,0,normal
4386,2,parallel_arc
4387,0,normal
4388,1,series_arc
4389,0,normal
4390,2,parallel_arc
4391,0,normal
4392,2,parallel_arc
4393,2,parallel_arc
4394,1,series_arc
4395,0,normal
4396,2,parallel_arc
4397,0,normal
4398,1,series_arc
4399,0,normal
4400,0,normal
4401,1,series_arc
4402,0,normal
4403,0,normal
4404,2,parallel_arc
4405,0,normal
4406,0,normal
4407,0,normal
4408,1,series_arc
4409,0,normal
4410,0,normal
4411,0,normal
4412,0,normal
4413,2,parallel_arc
4414,1,series_arc
4415,0,normal
4416,0,normal
4417,2,parallel_arc
4418,2,parallel_arc
4419,0,normal
4420,0,normal
4421,0,normal
4422,2,parallel_arc
4423,1,series_arc
4424,0,normal
4425,0,normal
4426,0,normal
4427,1,series_arc
4428,2,parallel_arc
4429,2,parallel_arc
4430,1,series_arc
4431,1,series_arc
4432,0,normal
4433,0,normal
4434,0,normal
4435,1,series_arc
4436,0,normal
4437,0,normal
4438,1,series_arc
4439,1,series_arc
4440,2,parallel_arc
4441,1,series_arc
4442,1,series_arc
4443,0,normal
4444,0,normal
4445,1,series_arc
4446,0,normal
4447,0,normal
4448,0,normal
4449,0,normal
4450,0,normal
4451,0,normal
4452,1,series_arc
4453,2,parallel_arc
4454,1,series_arc
4455,0,normal
4456,2,parallel_arc
4457,1,series_arc
4458,2,parallel_arc
4459,0,normal
4460,0,normal
4461,0,normal
4462,0,normal
4463,0,normal
4464,1,series_arc
4465,1,series_arc
4466,0,normal
4467,0,normal
4468,2,parallel_arc
4469,1,series_arc
4470,0,normal
4471,1,series_arc
4472,0,normal
4473,0,normal
4474,0,normal
4475,0,normal
4476,2,parallel_arc
4477,0,normal
4478,2,parallel_arc
4479,1,series_arc
4480,0,normal
4481,0,normal
4482,2,parallel_arc
4483,0,normal
4484,0,normal
4485,0,normal
4486,1,series_arc
4487,1,series_arc
4488,0,normal
4489,0,normal
4490,0,normal
4491,0,normal
4492,2,parallel_arc
4493,1,series_arc
4494,1,series_arc
4495,0,normal
4496,0,normal
4497,0,normal
4498,0,normal
4499,0,normal
4500,1,series_arc
4501,0,normal
4502,0,normal
4503,0,normal
4504,0,normal
4505,1,series_arc
4506,2,parallel_arc
4507,1,series_arc
4508,1,series_arc
4509,1,series_arc
4510,1,series_arc
4511,1,series_arc
4512,1,series_arc
4513,0,normal
4514,1,series_arc
4515,0,normal
4516,0,normal
4517,0,normal
4518,0,normal
4519,2,parallel_arc
4520,2,parallel_arc
4521,2,parallel_arc
4522,0,normal
4523,0,normal
4524,2,parallel_arc
4525,1,series_arc
4526,2,parallel_arc
4527,1,series_arc
4528,1,series_arc
4529,2,parallel_arc
4530,0,normal
4531,0,normal
4532,2,parallel_arc
4533,0,normal
4534,0,normal
4535,2,parallel_arc
4536,0,normal
4537,0,normal
4538,1,series_arc
4539,0,normal
4540,0,normal
4541,2,parallel_arc
4542,0,normal
4543,2,parallel_arc
4544,0,normal
4545,0,normal
4546,2,parallel_arc
4547,1,series_arc
4548,0,normal
4549,0,normal
4550,0,normal
4551,1,series_arc
4552,0,normal
4553,2,parallel_arc
4554,0,normal
4555,0,normal
4556,0,normal
4557,1,series_arc
4558,1,series_arc
4559,0,normal
4560,0,normal
4561,0,normal
4562,0,normal
4563,0,normal
4564,1,series_arc
4565,0,normal
4566,0,normal
4567,1,series_arc
4568,1,series_arc
4569,0,normal
4570,0,normal
4571,2,parallel_arc
4572,0,normal
4573,0,normal
4574,0,normal
4575,0,normal
4576,2,parallel_arc
4577,1,series_arc
4578,0,normal
4579,0,normal
4580,0,normal
4581,0,normal
4582,1,series_arc
4583,1,series_arc
4584,2,parallel_arc
4585,0,normal
4586,1,series_arc
4587,0,normal
4588,1,series_arc
4589,0,normal
4590,0,normal
4591,1,series_arc
4592,2,parallel_arc
4593,0,normal
4594,1,series_arc
4595,2,parallel_arc
4596,0,normal
4597,2,parallel_arc
4598,1,series_arc
4599,0,normal
4600,0,normal
4601,2,parallel_arc
4602,0,normal
4603,2,parallel_arc
4604,0,normal
4605,2,parallel_arc
4606,1,series_arc
4607,1,series_arc
4608,0,normal
4609,0,normal
4610,2,parallel_arc
4611,0,normal
4612,0,normal
4613,0,normal
4614,0,normal
4615,0,normal
4616,2,parallel_arc
4617,0,normal
4618,1,series_arc
4619,0,normal
4620,0,normal
4621,0,normal
4622,0,normal
4623,0,normal
4624,0,normal
4625,0,normal
4626,0,normal
4627,0,normal
4628,2,parallel_arc
4629,0,normal
4630,1,series_arc
4631,0,normal
4632,1,series_arc
4633,0,normal
4634,0,normal
4635,2,parallel_arc
4636,0,normal
4637,1,series_arc
4638,0,normal
4639,1,series_arc
4640,0,normal
4641,2,parallel_arc
4642,0,normal
4643,1,series_arc
4644,1,series_arc
4645,0,normal
4646,2,parallel_arc
4647,1,series_arc
4648,2,parallel_arc
4649,2,parallel_arc
4650,1,series_arc
4651,0,normal
4652,2,parallel_arc
4653,1,series_arc
4654,0,normal
4655,0,normal
4656,1,series_arc
4657,0,normal
4658,1,series_arc
4659,0,normal
4660,2,parallel_arc
4661,2,parallel_arc
4662,2,parallel_arc
4663,0,normal
4664,0,normal
4665,0,normal
4666,1,series_arc
4667,0,normal
4668,0,normal
4669,0,normal
4670,0,normal
4671,2,parallel_arc
4672,2,parallel_arc
4673,0,normal
4674,0,normal
4675,0,normal
4676,0,normal
4677,0,normal
4678,1,series_arc
4679,0,normal
4680,0,normal
4681,0,normal
4682,0,normal
4683,1,series_arc
4684,0,normal
4685,2,parallel_arc
4686,0,normal
4687,2,parallel_arc
4688,0,normal
4689,2,parallel_arc
4690,1,series_arc
4691,0,normal
4692,0,normal
4693,0,normal
4694,0,normal
4695,1,series_arc
4696,0,normal
4697,0,normal
4698,2,parallel_arc
4699,0,normal
4700,0,normal
4701,0,normal
4702,0,normal
4703,1,series_arc
4704,0,normal
4705,0,normal
4706,0,normal
4707,0,normal
4708,2,parallel_arc
4709,0,normal
4710,1,series_arc
4711,0,normal
4712,2,parallel_arc
4713,0,normal
4714,0,normal
4715,1,series_arc
4716,1,series_arc
4717,0,normal
4718,0,normal
4719,0,normal
4720,0,normal
4721,0,normal
4722,2,parallel_arc
4723,0,normal
4724,1,series_arc
4725,0,normal
4726,2,parallel_arc
4727,0,normal
4728,0,normal
4729,0,normal
4730,0,normal
4731,1,series_arc
4732,1,series_arc
4733,0,normal
4734,1,series_arc
4735,1,series_arc
4736,0,normal
4737,1,series_arc
4738,0,normal
4739,1,series_arc
4740,1,series_arc
4741,0,normal
4742,1,series_arc
4743,1,series_arc
4744,0,normal
4745,0,normal
4746,0,normal
4747,0,normal
4748,2,parallel_arc
4749,0,normal
4750,0,normal
4751,1,series_arc
4752,0,normal
4753,0,normal
4754,1,series_arc
4755,0,normal
4756,0,normal
4757,1,series_arc
4758,0,normal
4759,0,normal
4760,1,series_arc
4761,1,series_arc
4762,0,normal
4763,0,normal
4764,0,normal
4765,2,parallel_arc
4766,0,normal
4767,0,normal
4768,0,normal
4769,0,normal
4770,0,normal
4771,0,normal
4772,0,normal
4773,1,series_arc
4774,2,parallel_arc
4775,0,normal
4776,0,normal
4777,1,series_arc
4778,2,parallel_arc
4779,0,normal
4780,0,normal
4781,2,parallel_arc
4782,0,normal
4783,0,normal
4784,0,normal
4785,0,normal
4786,1,series_arc
4787,0,normal
4788,1,series_arc
4789,0,normal
4790,1,series_arc
4791,0,normal
4792,0,normal
4793,2,parallel_arc
4794,0,normal
4795,0,normal
4796,1,series_arc
4797,0,normal
4798,2,parallel_arc
4799,0,normal
4800,1,series_arc
4801,1,series_arc
4802,0,normal
4803,0,normal
4804,0,normal
4805,0,normal
4806,0,normal
4807,2,parallel_arc
4808,0,normal
4809,0,normal
4810,0,normal
4811,1,series_arc
4812,0,normal
4813,0,normal
4814,0,normal
4815,0,normal
4816,0,normal
4817,1,series_arc
4818,0,normal
4819,2,parallel_arc
4820,0,normal
4821,0,normal
4822,1,series_arc
4823,0,normal
4824,0,normal
4825,0,normal
4826,1,series_arc
4827,0,normal
4828,1,series_arc
4829,1,series_arc
4830,0,normal
4831,0,normal
4832,0,normal
4833,1,series_arc
4834,1,series_arc
4835,1,series_arc
4836,0,normal
4837,1,series_arc
4838,1,series_arc
4839,0,normal
4840,1,series_arc
4841,1,series_arc
4842,0,normal
4843,1,series_arc
4844,1,series_arc
4845,2,parallel_arc
4846,2,parallel_arc
4847,0,normal
4848,1,series_arc
4849,2,parallel_arc
4850,2,parallel_arc
4851,1,series_arc
4852,2,parallel_arc
4853,0,normal
4854,1,series_arc
4855,1,series_arc
4856,1,series_arc
4857,0,normal
4858,0,normal
4859,0,normal
4860,0,normal
4861,0,normal
4862,0,normal
4863,0,normal
4864,1,series_arc
4865,0,normal
4866,1,series_arc
4867,0,normal
4868,1,series_arc
4869,1,series_arc
4870,0,normal
4871,0,normal
4872,0,normal
4873,2,parallel_arc
4874,1,series_arc
4875,2,parallel_arc
4876,0,normal
4877,0,normal
4878,2,parallel_arc
4879,2,parallel_arc
4880,0,normal
4881,0,normal
4882,0,normal
4883,1,series_arc
4884,0,normal
4885,2,parallel_arc
4886,1,series_arc
4887,1,series_arc
4888,0,normal
4889,1,series_arc
4890,2,parallel_arc
4891,2,parallel_arc
4892,1,series_arc
4893,0,normal
4894,0,normal
4895,0,normal
4896,2,parallel_arc
4897,0,normal
4898,0,normal
4899,0,normal
4900,1,series_arc
4901,0,normal
4902,1,series_arc
4903,0,normal
4904,0,normal
4905,0,normal
4906,0,normal
4907,0,normal
4908,0,normal
4909,1,series_arc
4910,2,parallel_arc
4911,1,series_arc
4912,1,series_arc
4913,2,parallel_arc
4914,0,normal
4915,0,normal
4916,1,series_arc
4917,0,normal
4918,1,series_arc
4919,0,normal
4920,0,normal
4921,0,normal
4922,1,series_arc
4923,0,normal
4924,0,normal
4925,1,series_arc
4926,0,normal
4927,1,series_arc
4928,0,normal
4929,2,parallel_arc
4930,2,parallel_arc
4931,0,normal
4932,0,normal
4933,0,normal
4934,0,normal
4935,1,series_arc
4936,0,normal
4937,0,normal
4938,0,normal
4939,1,series_arc
4940,1,series_arc
4941,0,normal
4942,2,parallel_arc
4943,1,series_arc
4944,0,normal
4945,0,normal
4946,1,series_arc
4947,0,normal
4948,0,normal
4949,2,parallel_arc
4950,1,series_arc
4951,0,normal
4952,1,series_arc
4953,0,normal
4954,0,normal
4955,0,normal
4956,0,normal
4957,2,parallel_arc
4958,0,normal
4959,2,parallel_arc
4960,0,normal
4961,0,normal
4962,0,normal
4963,0,normal
4964,1,series_arc
4965,1,series_arc
4966,0,normal
4967,1,series_arc
4968,0,normal
4969,0,normal
4970,0,normal
4971,0,normal
4972,0,normal
4973,0,normal
4974,1,series_arc
4975,0,normal
4976,0,normal
4977,1,series_arc
4978,2,parallel_arc
4979,1,series_arc
4980,0,normal
4981,0,normal
4982,0,normal
4983,0,normal
4984,0,normal
4985,0,normal
4986,1,series_arc
4987,2,parallel_arc
4988,0,normal
4989,0,normal
4990,0,normal
4991,0,normal
4992,2,parallel_arc
4993,1,series_arc
4994,0,normal
4995,0,normal
4996,1,series_arc
4997,1,series_arc
4998,0,normal
4999,0,normal
5000,0,normal
5001,0,normal
5002,2,parallel_arc
5003,0,normal
5004,0,normal
5005,0,normal
5006,0,normal
5007,2,parallel_arc
5008,0,normal
5009,0,normal
5010,0,normal
5011,2,parallel_arc
5012,1,series_arc
5013,0,normal
5014,0,normal
5015,0,normal
5016,0,normal
5017,0,normal
5018,2,parallel_arc
5019,0,normal
5020,1,series_arc
5021,1,series_arc
5022,0,normal
5023,0,normal
5024,0,normal
5025,0,normal
5026,0,normal
5027,0,normal
5028,1,series_arc
5029,1,series_arc
5030,0,normal
5031,1,series_arc
5032,0,normal
5033,0,normal
5034,0,normal
5035,0,normal
5036,0,normal
5037,2,parallel_arc
5038,0,normal
5039,0,normal
5040,2,parallel_arc
5041,0,normal
5042,0,normal
5043,0,normal
5044,0,normal
5045,0,normal
5046,2,parallel_arc
5047,1,series_arc
5048,1,series_arc
5049,0,normal
5050,0,normal
5051,2,parallel_arc
5052,0,normal
5053,0,normal
5054,0,normal
5055,1,series_arc
5056,0,normal
5057,0,normal
5058,2,parallel_arc
5059,0,normal
5060,0,normal
5061,0,normal
5062,0,normal
5063,1,series_arc
5064,0,normal
5065,2,parallel_arc
5066,0,normal
5067,0,normal
5068,0,normal
5069,1,series_arc
5070,1,series_arc
5071,2,parallel_arc
5072,0,normal
5073,0,normal
5074,0,normal
5075,0,normal
5076,0,normal
5077,0,normal
5078,2,parallel_arc
5079,1,series_arc
5080,1,series_arc
5081,1,series_arc
5082,0,normal
5083,1,series_arc
5084,0,normal
5085,0,normal
5086,0,normal
5087,0,normal
5088,1,series_arc
5089,0,normal
5090,0,normal
5091,1,series_arc
5092,0,normal
5093,0,normal
5094,2,parallel_arc
5095,0,normal
5096,1,series_arc
5097,0,normal
5098,0,normal
5099,0,normal
5100,0,normal
5101,0,normal
5102,1,series_arc
5103,1,series_arc
5104,0,normal
5105,2,parallel_arc
5106,1,series_arc
5107,1,series_arc
5108,1,series_arc
5109,1,series_arc
5110,0,normal
5111,0,normal
5112,0,normal
5113,1,series_arc
5114,2,parallel_arc
5115,0,normal
5116,0,normal
5117,2,parallel_arc
5118,0,normal
5119,2,parallel_arc
5120,0,normal
5121,1,series_arc
5122,1,series_arc
5123,0,normal
5124,1,series_arc
5125,1,series_arc
5126,1,series_arc
5127,1,series_arc
5128,2,parallel_arc
5129,2,parallel_arc
5130,2,parallel_arc
5131,1,series_arc
5132,0,normal
5133,0,normal
5134,0,normal
5135,0,normal
5136,1,series_arc
5137,1,series_arc
5138,0,normal
5139,0,normal
5140,0,normal
5141,1,series_arc
5142,0,normal
5143,1,series_arc
5144,0,normal
5145,0,normal
5146,0,normal
5147,2,parallel_arc
5148,0,normal
5149,0,normal
5150,1,series_arc
5151,0,normal
5152,0,normal
5153,2,parallel_arc
5154,0,normal
5155,0,normal
5156,0,normal
5157,0,normal
5158,0,normal
5159,2,parallel_arc
5160,0,normal
5161,0,normal
5162,0,normal
5163,0,normal
5164,0,normal
5165,1,series_arc
5166,0,normal
5167,1,series_arc
5168,1,series_arc
5169,0,normal
5170,0,normal
5171,0,normal
5172,0,normal
5173,0,normal
5174,1,series_arc
5175,0,normal
5176,0,normal
5177,0,normal
5178,2,parallel_arc
5179,1,series_arc
5180,0,normal
5181,0,normal
5182,0,normal
5183,2,parallel_arc
5184,0,normal
5185,1,series_arc
5186,0,normal
5187,0,normal
5188,0,normal
5189,0,normal
5190,1,series_arc
5191,0,normal
5192,2,parallel_arc
5193,0,normal
5194,0,normal
5195,0,normal
5196,2,parallel_arc
5197,0,normal
5198,0,normal
5199,1,series_arc
5200,1,series_arc
5201,0,normal
5202,0,normal
5203,1,series_arc
5204,2,parallel_arc
5205,0,normal
5206,0,normal
5207,0,normal
5208,0,normal
5209,0,normal
5210,0,normal
5211,2,parallel_arc
5212,0,normal
5213,0,normal
5214,0,normal
5215,0,normal
5216,1,series_arc
5217,1,series_arc
5218,0,normal
5219,0,normal
5220,0,normal
5221,0,normal
5222,2,parallel_arc
5223,1,series_arc
5224,1,series_arc
5225,0,normal
5226,0,normal
5227,0,normal
5228,2,parallel_arc
5229,0,normal
5230,0,normal
5231,0,normal
5232,1,series_arc
5233,0,normal
5234,0,normal
5235,0,normal
5236,1,series_arc
5237,0,normal
5238,0,normal
5239,0,normal
5240,0,normal
5241,0,normal
5242,0,normal
5243,0,normal
5244,0,normal
5245,0,normal
5246,0,normal
5247,0,normal
5248,0,normal
5249,2,parallel_arc
5250,0,normal
5251,1,series_arc
5252,0,normal
5253,1,series_arc
5254,2,parallel_arc
5255,1,series_arc
5256,1,series_arc
5257,0,normal
5258,2,parallel_arc
5259,0,normal
5260,2,parallel_arc
5261,0,normal
5262,2,parallel_arc
5263,0,normal
5264,0,normal
5265,0,normal
5266,1,series_arc
5267,0,normal
5268,2,parallel_arc
5269,1,series_arc
5270,1,series_arc
5271,1,series_arc
5272,0,normal
5273,0,normal
5274,1,series_arc
5275,0,normal
5276,1,series_arc
5277,2,parallel_arc
5278,2,parallel_arc
5279,1,series_arc
5280,0,normal
5281,0,normal
5282,0,normal
5283,1,series_arc
5284,0,normal
5285,0,normal
5286,1,series_arc
5287,1,series_arc
5288,0,normal
5289,1,series_arc
5290,0,normal
5291,0,normal
5292,0,normal
5293,2,parallel_arc
5294,0,normal
5295,1,series_arc
5296,0,normal
5297,0,normal
5298,2,parallel_arc
5299,1,series_arc
5300,0,normal
5301,1,series_arc
5302,1,series_arc
5303,0,normal
5304,0,normal
5305,1,series_arc
5306,1,series_arc
5307,2,parallel_arc
5308,1,series_arc
5309,2,parallel_arc
5310,1,series_arc
5311,1,series_arc
5312,0,normal
5313,2,parallel_arc
5314,0,normal
5315,0,normal
5316,2,parallel_arc
5317,0,normal
5318,0,normal
5319,0,normal
5320,0,normal
5321,0,normal
5322,2,parallel_arc
5323,1,series_arc
5324,2,parallel_arc
5325,0,normal
5326,0,normal
5327,0,normal
5328,1,series_arc
5329,2,parallel_arc
5330,0,normal
5331,1,series_arc
5332,0,normal
5333,0,normal
5334,0,normal
5335,0,normal
5336,1,series_arc
5337,1,series_arc
5338,0,normal
5339,0,normal
5340,1,series_arc
5341,1,series_arc
5342,2,parallel_arc
5343,1,series_arc
5344,0,normal
5345,0,normal
5346,2,parallel_arc
5347,0,normal
5348,0,normal
5349,1,series_arc
5350,0,normal
5351,2,parallel_arc
5352,1,series_arc
5353,2,parallel_arc
5354,0,normal
5355,0,normal
5356,0,normal
5357,0,normal
5358,0,normal
5359,1,series_arc
5360,1,series_arc
5361,0,normal
5362,0,normal
5363,0,normal
5364,1,series_arc
5365,0,normal
5366,0,normal
5367,1,series_arc
5368,0,normal
5369,0,normal
5370,0,normal
5371,1,series_arc
5372,0,normal
5373,0,normal
5374,0,normal
5375,2,parallel_arc
5376,0,normal
5377,1,series_arc
5378,0,normal
5379,2,parallel_arc
5380,0,normal
5381,0,normal
5382,0,normal
5383,1,series_arc
5384,0,normal
5385,1,series_arc
5386,1,series_arc
5387,2,parallel_arc
5388,0,normal
5389,0,normal
5390,0,normal
5391,0,normal
5392,0,normal
5393,0,normal
5394,2,parallel_arc
5395,0,normal
5396,2,parallel_arc
5397,1,series_arc
5398,0,normal
5399,2,parallel_arc
5400,0,normal
5401,1,series_arc
5402,0,normal
5403,1,series_arc
5404,0,normal
5405,1,series_arc
5406,0,normal
5407,0,normal
5408,0,normal
5409,0,normal
5410,0,normal
5411,0,normal
5412,1,series_arc
5413,1,series_arc
5414,0,normal
5415,0,normal
5416,0,normal
5417,1,series_arc
5418,1,series_arc
5419,0,normal
5420,0,normal
5421,1,series_arc
5422,2,parallel_arc
5423,0,normal
5424,2,parallel_arc
5425,0,normal
5426,0,normal
5427,1,series_arc
5428,0,normal
5429,0,normal
5430,0,normal
5431,0,normal
5432,1,series_arc
5433,0,normal
5434,0,normal
5435,0,normal
5436,1,series_arc
5437,0,normal
5438,0,normal
5439,0,normal
5440,0,normal
5441,0,normal
5442,0,normal
5443,1,series_arc
5444,1,series_arc
5445,0,normal
5446,0,normal
5447,1,series_arc
5448,0,normal
5449,0,normal
5450,1,series_arc
5451,2,parallel_arc
5452,0,normal
5453,0,normal
5454,0,normal
5455,0,normal
5456,0,normal
5457,0,normal
5458,0,normal
5459,1,series_arc
5460,0,normal
5461,2,parallel_arc
5462,1,series_arc
5463,1,series_arc
5464,0,normal
5465,0,normal
5466,0,normal
5467,1,series_arc
5468,2,parallel_arc
5469,2,parallel_arc
5470,0,normal
5471,0,normal
5472,1,series_arc
5473,0,normal
5474,2,parallel_arc
5475,2,parallel_arc
5476,1,series_arc
5477,0,normal
5478,0,normal
5479,0,normal
5480,1,series_arc
5481,2,parallel_arc
5482,0,normal
5483,0,normal
5484,1,series_arc
5485,1,series_arc
5486,1,series_arc
5487,0,normal
5488,0,normal
5489,0,normal
5490,0,normal
5491,0,normal
5492,0,normal
5493,2,parallel_arc
5494,0,normal
5495,0,normal
5496,0,normal
5497,0,normal
5498,0,normal
5499,0,normal
5500,0,normal
5501,2,parallel_arc
5502,0,normal
5503,0,normal
5504,1,series_arc
5505,0,normal
5506,1,series_arc
5507,0,normal
5508,0,normal
5509,0,normal
5510,0,normal
5511,0,normal
5512,0,normal
5513,0,normal
5514,0,normal
5515,0,normal
5516,0,normal
5517,1,series_arc
5518,0,normal
5519,0,normal
5520,1,series_arc
5521,0,normal
5522,0,normal
5523,1,series_arc
5524,0,normal
5525,0,normal
5526,0,normal
5527,0,normal
5528,1,series_arc
5529,1,series_arc
5530,1,series_arc
5531,1,series_arc
5532,0,normal
5533,0,normal
5534,1,series_arc
5535,0,normal
5536,0,normal
5537,0,normal
5538,0,normal
5539,2,parallel_arc
5540,1,series_arc
5541,1,series_arc
5542,0,normal
5543,0,normal
5544,2,parallel_arc
5545,0,normal
5546,1,series_arc
5547,1,series_arc
5548,0,normal
5549,0,normal
5550,1,series_arc
5551,2,parallel_arc
5552,1,series_arc
5553,0,normal
5554,0,normal
5555,0,normal
5556,0,normal
5557,1,series_arc
5558,1,series_arc
5559,1,series_arc
5560,0,normal
5561,0,normal
5562,2,parallel_arc
5563,0,normal
5564,0,normal
5565,1,series_arc
5566,1,series_arc
5567,0,normal
5568,1,series_arc
5569,1,series_arc
5570,0,normal
5571,1,series_arc
5572,0,normal
5573,0,normal
5574,2,parallel_arc
5575,0,normal
5576,0,normal
5577,2,parallel_arc
5578,0,normal
5579,0,normal
5580,2,parallel_arc
5581,0,normal
5582,0,normal
5583,0,normal
5584,0,normal
5585,0,normal
5586,0,normal
5587,0,normal
5588,0,normal
5589,0,normal
5590,0,normal
5591,2,parallel_arc
5592,0,normal
5593,2,parallel_arc
5594,0,normal
5595,2,parallel_arc
5596,1,series_arc
5597,0,normal
5598,0,normal
5599,1,series_arc
5600,1,series_arc
5601,0,normal
5602,1,series_arc
5603,0,normal
5604,2,parallel_arc
5605,1,series_arc
5606,2,parallel_arc
5607,0,normal
5608,0,normal
5609,0,normal
5610,1,series_arc
5611,1,series_arc
5612,0,normal
5613,2,parallel_arc
5614,1,series_arc
5615,0,normal
5616,0,normal
5617,0,normal
5618,1,series_arc
5619,0,normal
5620,0,normal
5621,0,normal
5622,1,series_arc
5623,0,normal
5624,0,normal
5625,2,parallel_arc
5626,2,parallel_arc
5627,0,normal
5628,1,series_arc
5629,0,normal
5630,2,parallel_arc
5631,2,parallel_arc
5632,2,parallel_arc
5633,1,series_arc
5634,0,normal
5635,0,normal
5636,2,parallel_arc
5637,0,normal
5638,2,parallel_arc
5639,2,parallel_arc
5640,0,normal
5641,0,normal
5642,1,series_arc
5643,0,normal
5644,0,normal
5645,1,series_arc
5646,1,series_arc
5647,1,series_arc
5648,0,normal
5649,0,normal
5650,2,parallel_arc
5651,0,normal
5652,1,series_arc
5653,1,series_arc
5654,0,normal
5655,0,normal
5656,2,parallel_arc
5657,0,normal
5658,1,series_arc
5659,0,normal
5660,2,parallel_arc
5661,0,normal
5662,0,normal
5663,2,parallel_arc
5664,0,normal
5665,2,parallel_arc
5666,0,normal
5667,0,normal
5668,1,series_arc
5669,1,series_arc
5670,1,series_arc
5671,0,normal
5672,0,normal
5673,0,normal
5674,0,normal
5675,2,parallel_arc
5676,0,normal
5677,0,normal
5678,0,normal
5679,2,parallel_arc
5680,0,normal
5681,0,normal
5682,1,series_arc
5683,0,normal
5684,0,normal
5685,1,series_arc
5686,0,normal
5687,1,series_arc
5688,0,normal
5689,0,normal
5690,1,series_arc
5691,0,normal
5692,0,normal
5693,0,normal
5694,2,parallel_arc
5695,1,series_arc
5696,0,normal
5697,0,normal
5698,0,normal
5699,0,normal
5700,0,normal
5701,2,parallel_arc
5702,1,series_arc
5703,0,normal
5704,0,normal
5705,2,parallel_arc
5706,1,series_arc
5707,0,normal
5708,1,series_arc
5709,0,normal
5710,0,normal
5711,0,normal
5712,0,normal
5713,0,normal
5714,2,parallel_arc
5715,2,parallel_arc
5716,2,parallel_arc
5717,0,normal
5718,1,series_arc
5719,0,normal
5720,0,normal
5721,1,series_arc
5722,1,series_arc
5723,1,series_arc
5724,1,series_arc
5725,0,normal
5726,0,normal
5727,1,series_arc
5728,0,normal
5729,0,normal
5730,1,series_arc
5731,0,normal
5732,2,parallel_arc
5733,2,parallel_arc
5734,0,normal
5735,1,series_arc
5736,0,normal
5737,0,normal
5738,2,parallel_arc
5739,1,series_arc
5740,0,normal
5741,0,normal
5742,1,series_arc
5743,1,series_arc
5744,0,normal
5745,0,normal
5746,1,series_arc
5747,2,parallel_arc
5748,0,normal
5749,0,normal
5750,0,normal
5751,2,parallel_arc
5752,0,normal
5753,0,normal
5754,0,normal
5755,0,normal
5756,2,parallel_arc
5757,0,normal
5758,1,series_arc
5759,0,normal
5760,1,series_arc
5761,0,normal
5762,2,parallel_arc
5763,0,normal
5764,0,normal
5765,0,normal
5766,1,series_arc
5767,0,normal
5768,0,normal
5769,0,normal
5770,0,normal
5771,0,normal
5772,2,parallel_arc
5773,2,parallel_arc
5774,1,series_arc
5775,1,series_arc
5776,0,normal
5777,2,parallel_arc
5778,1,series_arc
5779,0,normal
5780,1,series_arc
5781,0,normal
5782,0,normal
5783,2,parallel_arc
5784,0,normal
5785,0,normal
5786,0,normal
5787,2,parallel_arc
5788,1,series_arc
5789,0,normal
5790,0,normal
5791,0,normal
5792,1,series_arc
5793,2,parallel_arc
5794,0,normal
5795,0,normal
5796,1,series_arc
5797,0,normal
5798,0,normal
5799,0,normal
5800,1,series_arc
5801,0,normal
5802,0,normal
5803,0,normal
5804,0,normal
5805,0,normal
5806,0,normal
5807,0,normal
5808,2,parallel_arc
5809,0,normal
5810,0,normal
5811,0,normal
5812,0,normal
5813,0,normal
5814,2,parallel_arc
5815,1,series_arc
5816,1,series_arc
5817,1,series_arc
5818,2,parallel_arc
5819,1,series_arc
5820,1,series_arc
5821,0,normal
5822,2,parallel_arc
5823,0,normal
5824,0,normal
5825,0,normal
5826,0,normal
5827,0,normal
5828,0,normal
5829,0,normal
5830,1,series_arc
5831,0,normal
5832,0,normal
5833,1,series_arc
5834,0,normal
5835,0,normal
5836,0,normal
5837,0,normal
5838,0,normal
5839,0,normal
5840,0,normal
5841,0,normal
5842,1,series_arc
5843,1,series_arc
5844,2,parallel_arc
5845,1,series_arc
5846,0,normal
5847,0,normal
5848,0,normal
5849,2,parallel_arc
5850,0,normal
5851,1,series_arc
5852,1,series_arc
5853,1,series_arc
5854,2,parallel_arc
5855,1,series_arc
5856,0,normal
5857,0,normal
5858,0,normal
5859,0,normal
5860,0,normal
5861,0,normal
5862,0,normal
5863,0,normal
5864,0,normal
5865,0,normal
5866,0,normal
5867,1,series_arc
5868,0,normal
5869,0,normal
5870,1,series_arc
5871,2,parallel_arc
5872,0,normal
5873,0,normal
5874,0,normal
5875,1,series_arc
5876,2,parallel_arc
5877,1,series_arc
5878,0,normal
5879,2,parallel_arc
5880,0,normal
5881,0,normal
5882,1,series_arc
5883,0,normal
5884,1,series_arc
5885,0,normal
5886,2,parallel_arc
5887,0,normal
5888,2,parallel_arc
5889,0,normal
5890,0,normal
5891,0,normal
5892,0,normal
5893,0,normal
5894,0,normal
5895,2,parallel_arc
5896,0,normal
5897,1,series_arc
5898,1,series_arc
5899,1,series_arc
5900,0,normal
5901,0,normal
5902,1,series_arc
5903,0,normal
5904,0,normal
5905,0,normal
5906,1,series_arc
5907,1,series_arc
5908,2,parallel_arc
5909,0,normal
5910,0,normal
5911,1,series_arc
5912,0,normal
5913,0,normal
5914,2,parallel_arc
5915,0,normal
5916,0,normal
5917,0,normal
5918,1,series_arc
5919,0,normal
5920,0,normal
5921,0,normal
5922,2,parallel_arc
5923,0,normal
5924,1,series_arc
5925,0,normal
5926,0,normal
5927,1,series_arc
5928,0,normal
5929,0,normal
5930,1,series_arc
5931,1,series_arc
5932,1,series_arc
5933,2,parallel_arc
5934,1,series_arc
5935,0,normal
5936,0,normal
5937,0,normal
5938,0,normal
5939,0,normal
5940,0,normal
5941,0,normal
5942,2,parallel_arc
5943,0,normal
5944,2,parallel_arc
5945,0,normal
5946,1,series_arc
5947,1,series_arc
5948,0,normal
5949,0,normal
5950,1,series_arc
5951,2,parallel_arc
5952,0,normal
5953,0,normal
5954,0,normal
5955,1,series_arc
5956,1,series_arc
5957,1,series_arc
5958,2,parallel_arc
5959,0,normal
5960,0,normal
5961,2,parallel_arc
5962,2,parallel_arc
5963,0,normal
5964,0,normal
5965,2,parallel_arc
5966,0,normal
5967,1,series_arc
5968,0,normal
5969,1,series_arc
5970,1,series_arc
5971,0,normal
5972,0,normal
5973,0,normal
5974,1,series_arc
5975,0,normal
5976,0,normal
5977,0,normal
5978,0,normal
5979,0,normal
5980,0,normal
5981,0,normal
5982,2,parallel_arc
5983,0,normal
5984,0,normal
5985,1,series_arc
5986,1,series_arc
5987,0,normal
5988,0,normal
5989,1,series_arc
5990,0,normal
5991,0,normal
5992,2,parallel_arc
5993,0,normal
5994,0,normal
5995,0,normal
5996,0,normal
5997,1,series_arc
5998,1,series_arc
5999,0,normal
6000,0,normal
6001,0,normal
6002,1,series_arc
6003,1,series_arc
6004,0,normal
6005,0,normal
6006,1,series_arc
6007,1,series_arc
6008,1,series_arc
6009,1,series_arc
6010,1,series_arc
6011,0,normal
6012,1,series_arc
6013,0,normal
6014,0,normal
6015,0,normal
6016,0,normal
6017,0,normal
6018,1,series_arc
6019,0,normal
6020,0,normal
6021,0,normal
6022,1,series_arc
6023,1,series_arc
6024,1,series_arc
6025,0,normal
6026,0,normal
6027,0,normal
6028,1,series_arc
6029,2,parallel_arc
6030,1,series_arc
6031,0,normal
6032,0,normal
6033,0,normal
6034,0,normal
6035,0,normal
6036,0,normal
6037,1,series_arc
6038,1,series_arc
6039,0,normal
6040,2,parallel_arc
6041,1,series_arc
6042,0,normal
6043,2,parallel_arc
6044,1,series_arc
6045,2,parallel_arc
6046,2,parallel_arc
6047,0,normal
6048,0,normal
6049,1,series_arc
6050,0,normal
6051,0,normal
6052,2,parallel_arc
6053,0,normal
6054,1,series_arc
6055,0,normal
6056,0,normal
6057,1,series_arc
6058,1,series_arc
6059,0,normal
6060,2,parallel_arc
6061,2,parallel_arc
6062,0,normal
6063,0,normal
6064,0,normal
6065,0,normal
6066,0,normal
6067,0,normal
6068,0,normal
6069,0,normal
6070,1,series_arc
6071,2,parallel_arc
6072,0,normal
6073,1,series_arc
6074,2,parallel_arc
6075,0,normal
6076,0,normal
6077,1,series_arc
6078,0,normal
6079,0,normal
6080,0,normal
6081,1,series_arc
6082,1,series_arc
6083,0,normal
6084,0,normal
6085,1,series_arc
6086,1,series_arc
6087,0,normal
6088,2,parallel_arc
6089,0,normal
6090,1,series_arc
6091,0,normal
6092,0,normal
6093,1,series_arc
6094,2,parallel_arc
6095,1,series_arc
6096,0,normal
6097,0,normal
6098,1,series_arc
6099,0,normal
6100,0,normal
6101,0,normal
6102,2,parallel_arc
6103,2,parallel_arc
6104,0,normal
6105,0,normal
6106,0,normal
6107,0,normal
6108,2,parallel_arc
6109,0,normal
6110,2,parallel_arc
6111,0,normal
6112,0,normal
6113,0,normal
6114,0,normal
6115,1,series_arc
6116,1,series_arc
6117,1,series_arc
6118,0,normal
6119,1,series_arc
6120,0,normal
6121,0,normal
6122,0,normal
6123,1,series_arc
6124,0,normal
6125,2,parallel_arc
6126,0,normal
6127,0,normal
6128,0,normal
6129,0,normal
6130,2,parallel_arc
6131,2,parallel_arc
6132,0,normal
6133,0,normal
6134,1,series_arc
6135,1,series_arc
6136,1,series_arc
6137,0,normal
6138,0,normal
6139,2,parallel_arc
6140,0,normal
6141,2,parallel_arc
6142,0,normal
6143,2,parallel_arc
6144,1,series_arc
6145,0,normal
6146,1,series_arc
6147,1,series_arc
6148,1,series_arc
6149,0,normal
6150,0,normal
6151,2,parallel_arc
6152,2,parallel_arc
6153,0,normal
6154,0,normal
6155,1,series_arc
6156,0,normal
6157,0,normal
6158,0,normal
6159,0,normal
6160,1,series_arc
6161,0,normal
6162,0,normal
6163,1,series_arc
6164,0,normal
6165,1,series_arc
6166,1,series_arc
6167,0,normal
6168,0,normal
6169,1,series_arc
6170,0,normal
6171,1,series_arc
6172,0,normal
6173,1,series_arc
6174,2,parallel_arc
6175,2,parallel_arc
6176,2,parallel_arc
6177,0,normal
6178,2,parallel_arc
6179,1,series_arc
6180,0,normal
6181,2,parallel_arc
6182,0,normal
6183,0,normal
6184,2,parallel_arc
6185,0,normal
6186,0,normal
6187,0,normal
6188,0,normal
6189,0,normal
6190,1,series_arc
6191,1,series_arc
6192,0,normal
6193,0,normal
6194,1,series_arc
6195,2,parallel_arc
6196,2,parallel_arc
6197,0,normal
6198,0,normal
6199,0,normal
6200,1,series_arc
6201,0,normal
6202,0,normal
6203,1,series_arc
6204,0,normal
6205,0,normal
6206,2,parallel_arc
6207,0,normal
6208,1,series_arc
6209,2,parallel_arc
6210,2,parallel_arc
6211,0,normal
6212,0,normal
6213,1,series_arc
6214,1,series_arc
6215,0,normal
6216,2,parallel_arc
6217,0,normal
6218,1,series_arc
6219,1,series_arc
6220,2,parallel_arc
6221,0,normal
6222,2,parallel_arc
6223,0,normal
6224,0,normal
6225,1,series_arc
6226,0,normal
6227,2,parallel_arc
6228,0,normal
6229,0,normal
6230,0,normal
6231,1,series_arc
6232,0,normal
6233,1,series_arc
6234,1,series_arc
6235,0,normal
6236,2,parallel_arc
6237,0,normal
6238,1,series_arc
6239,0,normal
6240,0,normal
6241,0,normal
6242,0,normal
6243,0,normal
6244,0,normal
6245,0,normal
6246,1,series_arc
6247,0,normal
6248,0,normal
6249,0,normal
6250,0,normal
6251,0,normal
6252,0,normal
6253,0,normal
6254,2,parallel_arc
6255,1,series_arc
6256,0,normal
6257,1,series_arc
6258,0,normal
6259,2,parallel_arc
6260,0,normal
6261,0,normal
6262,1,series_arc
6263,1,series_arc
6264,1,series_arc
6265,0,normal
6266,0,normal
6267,0,normal
6268,0,normal
6269,0,normal
6270,0,normal
6271,0,normal
6272,1,series_arc
6273,2,parallel_arc
6274,1,series_arc
6275,0,normal
6276,0,normal
6277,0,normal
6278,0,normal
6279,0,normal
6280,0,normal
6281,0,normal
6282,2,parallel_arc
6283,1,series_arc
6284,1,series_arc
6285,0,normal
6286,0,normal
6287,0,normal
6288,0,normal
6289,0,normal
6290,0,normal
6291,0,normal
6292,1,series_arc
6293,2,parallel_arc
6294,1,series_arc
6295,0,normal
6296,2,parallel_arc
6297,0,normal
6298,0,normal
6299,0,normal
6300,1,series_arc
6301,1,series_arc
6302,1,series_arc
6303,0,normal
6304,0,normal
6305,0,normal
6306,0,normal
6307,2,parallel_arc
6308,0,normal
6309,0,normal
6310,1,series_arc
6311,0,normal
6312,0,normal
6313,0,normal
6314,0,normal
6315,0,normal
6316,1,series_arc
6317,0,normal
6318,0,normal
6319,1,series_arc
6320,0,normal
6321,1,series_arc
6322,2,parallel_arc
6323,1,series_arc
6324,0,normal
6325,0,normal
6326,0,normal
6327,0,normal
6328,0,normal
6329,2,parallel_arc
6330,0,normal
6331,0,normal
6332,1,series_arc
6333,0,normal
6334,0,normal
6335,0,normal
6336,0,normal
6337,1,series_arc
6338,1,series_arc
6339,0,normal
6340,1,series_arc
6341,0,normal
6342,0,normal
6343,2,parallel_arc
6344,1,series_arc
6345,0,normal
6346,1,series_arc
6347,0,normal
6348,2,parallel_arc
6349,0,normal
6350,0,normal
6351,0,normal
6352,1,series_arc
6353,0,normal
6354,0,normal
6355,1,series_arc
6356,0,normal
6357,0,normal
6358,1,series_arc
6359,0,normal
6360,0,normal
6361,0,normal
6362,0,normal
6363,0,normal
6364,0,normal
6365,0,normal
6366,0,normal
6367,0,normal
6368,0,normal
6369,0,normal
6370,2,parallel_arc
6371,1,series_arc
6372,0,normal
6373,2,parallel_arc
6374,2,parallel_arc
6375,1,series_arc
6376,0,normal
6377,0,normal
6378,1,series_arc
6379,1,series_arc
6380,0,normal
6381,0,normal
6382,0,normal
6383,0,normal
6384,1,series_arc
6385,1,series_arc
6386,0,normal
6387,1,series_arc
6388,0,normal
6389,0,normal
6390,0,normal
6391,1,series_arc
6392,0,normal
6393,2,parallel_arc
6394,1,series_arc
6395,0,normal
6396,0,normal
6397,0,normal
6398,0,normal
6399,2,parallel_arc
6400,2,parallel_arc
6401,0,normal
6402,0,normal
6403,0,normal
6404,2,parallel_arc
6405,2,parallel_arc
6406,0,normal
6407,0,normal
6408,0,normal
6409,0,normal
6410,2,parallel_arc
6411,0,normal
6412,1,series_arc
6413,0,normal
6414,2,parallel_arc
6415,2,parallel_arc
6416,0,normal
6417,1,series_arc
6418,0,normal
6419,2,parallel_arc
6420,0,normal
6421,0,normal
6422,0,normal
6423,1,series_arc
6424,2,parallel_arc
6425,0,normal
6426,2,parallel_arc
6427,0,normal
6428,0,normal
6429,2,parallel_arc
6430,0,normal
6431,1,series_arc
6432,0,normal
6433,0,normal
6434,0,normal
6435,0,normal
6436,0,normal
6437,0,normal
6438,0,normal
6439,0,normal
6440,1,series_arc
6441,1,series_arc
6442,2,parallel_arc
6443,1,series_arc
6444,0,normal
6445,0,normal
6446,2,parallel_arc
6447,1,series_arc
6448,0,normal
6449,0,normal
6450,0,normal
6451,1,series_arc
6452,2,parallel_arc
6453,2,parallel_arc
6454,2,parallel_arc
6455,0,normal
6456,0,normal
6457,0,normal
6458,0,normal
6459,0,normal
6460,2,parallel_arc
6461,0,normal
6462,0,normal
6463,0,normal
6464,2,parallel_arc
6465,1,series_arc
6466,1,series_arc
6467,1,series_arc
6468,2,parallel_arc
6469,0,normal
6470,0,normal
6471,0,normal
6472,2,parallel_arc
6473,1,series_arc
6474,1,series_arc
6475,1,series_arc
6476,0,normal
6477,0,normal
6478,0,normal
6479,0,normal
6480,0,normal
6481,1,series_arc
6482,1,series_arc
6483,0,normal
6484,0,normal
6485,0,normal
6486,0,normal
6487,1,series_arc
6488,1,series_arc
6489,0,normal
6490,1,series_arc
6491,2,parallel_arc
6492,1,series_arc
6493,0,normal
6494,0,normal
6495,1,series_arc
6496,0,normal
6497,0,normal
6498,1,series_arc
6499,1,series_arc
6500,0,normal
6501,2,parallel_arc
6502,0,normal
6503,0,normal
6504,2,parallel_arc
6505,2,parallel_arc
6506,0,normal
6507,0,normal
6508,0,normal
6509,0,normal
6510,2,parallel_arc
6511,0,normal
6512,0,normal
6513,0,normal
6514,0,normal
6515,0,normal
6516,1,series_arc
6517,1,series_arc
6518,0,normal
6519,0,normal
6520,0,normal
6521,0,normal
6522,1,series_arc
6523,0,normal
6524,0,normal
6525,0,normal
6526,0,normal
6527,2,parallel_arc
6528,1,series_arc
6529,0,normal
6530,0,normal
6531,2,parallel_arc
6532,0,normal
6533,1,series_arc
6534,1,series_arc
6535,0,normal
6536,2,parallel_arc
6537,0,normal
6538,0,normal
6539,0,normal
6540,0,normal
6541,0,normal
6542,0,normal
6543,0,normal
6544,0,normal
6545,0,normal
6546,0,normal
6547,0,normal
6548,0,normal
6549,0,normal
6550,0,normal
6551,1,series_arc
6552,0,normal
6553,0,normal
6554,1,series_arc
6555,0,normal
6556,1,series_arc
6557,0,normal
6558,1,series_arc
6559,0,normal
6560,0,normal
6561,2,parallel_arc
6562,0,normal
6563,0,normal
6564,2,parallel_arc
6565,2,parallel_arc
6566,0,normal
6567,2,parallel_arc
6568,0,normal
6569,0,normal
6570,1,series_arc
6571,1,series_arc
6572,0,normal
6573,0,normal
6574,1,series_arc
6575,2,parallel_arc
6576,1,series_arc
6577,0,normal
6578,2,parallel_arc
6579,2,parallel_arc
6580,1,series_arc
6581,0,normal
6582,2,parallel_arc
6583,0,normal
6584,2,parallel_arc
6585,1,series_arc
6586,1,series_arc
6587,0,normal
6588,2,parallel_arc
6589,1,series_arc
6590,1,series_arc
6591,0,normal
6592,0,normal
6593,0,normal
6594,1,series_arc
6595,2,parallel_arc
6596,0,normal
6597,1,series_arc
6598,2,parallel_arc
6599,0,normal
6600,0,normal
6601,0,normal
6602,1,series_arc
6603,0,normal
6604,2,parallel_arc
6605,1,series_arc
6606,0,normal
6607,1,series_arc
6608,0,normal
6609,2,parallel_arc
6610,0,normal
6611,0,normal
6612,1,series_arc
6613,0,normal
6614,1,series_arc
6615,0,normal
6616,0,normal
6617,0,normal
6618,0,normal
6619,0,normal
6620,0,normal
6621,0,normal
6622,0,normal
6623,0,normal
6624,0,normal
6625,1,series_arc
6626,0,normal
6627,0,normal
6628,2,parallel_arc
6629,0,normal
6630,0,normal
6631,0,normal
6632,0,normal
6633,2,parallel_arc
6634,0,normal
6635,0,normal
6636,2,parallel_arc
6637,0,normal
6638,0,normal
6639,0,normal
6640,0,normal
6641,1,series_arc
6642,0,normal
6643,0,normal
6644,0,normal
6645,1,series_arc
6646,0,normal
6647,2,parallel_arc
6648,0,normal
6649,1,series_arc
6650,1,series_arc
6651,0,normal
6652,0,normal
6653,0,normal
6654,0,normal
6655,0,normal
6656,0,normal
6657,0,normal
6658,0,normal
6659,0,normal
6660,0,normal
6661,2,parallel_arc
6662,0,normal
6663,0,normal
6664,0,normal
6665,0,normal
6666,1,series_arc
6667,1,series_arc
6668,0,normal
6669,1,series_arc
6670,1,series_arc
6671,0,normal
6672,0,normal
6673,1,series_arc
6674,0,normal
6675,0,normal
6676,1,series_arc
6677,2,parallel_arc
6678,0,normal
6679,0,normal
6680,0,normal
6681,2,parallel_arc
6682,0,normal
6683,1,series_arc
6684,2,parallel_arc
6685,0,normal
6686,1,series_arc
6687,0,normal
6688,0,normal
6689,0,normal
6690,0,normal
6691,0,normal
6692,0,normal
6693,0,normal
6694,0,normal
6695,0,normal
6696,2,parallel_arc
6697,0,normal
6698,0,normal
6699,1,series_arc
6700,2,parallel_arc
6701,1,series_arc
6702,0,normal
6703,0,normal
6704,0,normal
6705,0,normal
6706,0,normal
6707,1,series_arc
6708,0,normal
6709,2,parallel_arc
6710,2,parallel_arc
6711,0,normal
6712,0,normal
6713,1,series_arc
6714,0,normal
6715,0,normal
6716,0,normal
6717,0,normal
6718,0,normal
6719,0,normal
6720,0,normal
6721,0,normal
6722,0,normal
6723,1,series_arc
6724,1,series_arc
6725,2,parallel_arc
6726,1,series_arc
6727,1,series_arc
6728,0,normal
6729,1,series_arc
6730,0,normal
6731,2,parallel_arc
6732,1,series_arc
6733,0,normal
6734,0,normal
6735,1,series_arc
6736,2,parallel_arc
6737,0,normal
6738,0,normal
6739,1,series_arc
6740,0,normal
6741,0,normal
6742,0,normal
6743,2,parallel_arc
6744,0,normal
6745,1,series_arc
6746,0,normal
6747,0,normal
6748,0,normal
6749,1,series_arc
6750,0,normal
6751,0,normal
6752,2,parallel_arc
6753,0,normal
6754,0,normal
6755,1,series_arc
6756,1,series_arc
6757,2,parallel_arc
6758,0,normal
6759,0,normal
6760,0,normal
6761,2,parallel_arc
6762,1,series_arc
6763,0,normal
6764,2,parallel_arc
6765,0,normal
6766,1,series_arc
6767,0,normal
6768,0,normal
6769,0,normal
6770,0,normal
6771,0,normal
6772,2,parallel_arc
6773,0,normal
6774,0,normal
6775,0,normal
6776,0,normal
6777,1,series_arc
6778,1,series_arc
6779,0,normal
6780,1,series_arc
6781,0,normal
6782,2,parallel_arc
6783,2,parallel_arc
6784,2,parallel_arc
6785,2,parallel_arc
6786,0,normal
6787,1,series_arc
6788,0,normal
6789,0,normal
6790,0,normal
6791,0,normal
6792,1,series_arc
6793,2,parallel_arc
6794,0,normal
6795,1,series_arc
6796,0,normal
6797,2,parallel_arc
6798,0,normal
6799,0,normal
6800,1,series_arc
6801,0,normal
6802,2,parallel_arc
6803,1,series_arc
6804,0,normal
6805,2,parallel_arc
6806,1,series_arc
6807,1,series_arc
6808,0,normal
6809,0,normal
6810,0,normal
6811,0,normal
6812,1,series_arc
6813,0,normal
6814,0,normal
6815,0,normal
6816,0,normal
6817,2,parallel_arc
6818,0,normal
6819,0,normal
6820,0,normal
6821,1,series_arc
6822,2,parallel_arc
6823,1,series_arc
6824,0,normal
6825,0,normal
6826,0,normal
6827,1,series_arc
6828,0,normal
6829,2,parallel_arc
6830,1,series_arc
6831,2,parallel_arc
6832,1,series_arc
6833,0,normal
6834,1,series_arc
6835,0,normal
6836,0,normal
6837,1,series_arc
6838,1,series_arc
6839,1,series_arc
6840,0,normal
6841,0,normal
6842,1,series_arc
6843,1,series_arc
6844,1,series_arc
6845,1,series_arc
6846,1,series_arc
6847,2,parallel_arc
6848,1,series_arc
6849,0,normal
6850,0,normal
6851,1,series_arc
6852,0,normal
6853,0,normal
6854,0,normal
6855,0,normal
6856,0,normal
6857,0,normal
6858,1,series_arc
6859,1,series_arc
6860,1,series_arc
6861,0,normal
6862,0,normal
6863,0,normal
6864,0,normal
6865,0,normal
6866,0,normal
6867,1,series_arc
6868,0,normal
6869,0,normal
6870,2,parallel_arc
6871,0,normal
6872,0,normal
6873,1,series_arc
6874,2,parallel_arc
6875,0,normal
6876,1,series_arc
6877,0,normal
6878,0,normal
6879,1,series_arc
6880,0,normal
6881,0,normal
6882,0,normal
6883,0,normal
6884,0,normal
6885,0,normal
6886,0,normal
6887,2,parallel_arc
6888,2,parallel_arc
6889,0,normal
6890,0,normal
6891,1,series_arc
6892,0,normal
6893,0,normal
6894,2,parallel_arc
6895,0,normal
6896,0,normal
6897,0,normal
6898,2,parallel_arc
6899,2,parallel_arc
6900,0,normal
6901,1,series_arc
6902,0,normal
6903,0,normal
6904,0,normal
6905,1,series_arc
6906,2,parallel_arc
6907,0,normal
6908,1,series_arc
6909,0,normal
6910,0,normal
6911,0,normal
6912,1,series_arc
6913,0,normal
6914,0,normal
6915,1,series_arc
6916,0,normal
6917,2,parallel_arc
6918,0,normal
6919,0,normal
6920,1,series_arc
6921,2,parallel_arc
6922,0,normal
6923,0,normal
6924,0,normal
6925,1,series_arc
6926,0,normal
6927,1,series_arc
6928,0,normal
6929,2,parallel_arc
6930,0,normal
6931,1,series_arc
6932,2,parallel_arc
6933,0,normal
6934,0,normal
6935,0,normal
6936,1,series_arc
6937,0,normal
6938,0,normal
6939,1,series_arc
6940,1,series_arc
6941,1,series_arc
6942,0,normal
6943,1,series_arc
6944,1,series_arc
6945,2,parallel_arc
6946,0,normal
6947,0,normal
6948,1,series_arc
6949,1,series_arc
6950,2,parallel_arc
6951,1,series_arc
6952,2,parallel_arc
6953,0,normal
6954,0,normal
6955,0,normal
6956,1,series_arc
6957,0,normal
6958,0,normal
6959,0,normal
6960,2,parallel_arc
6961,0,normal
6962,0,normal
6963,0,normal
6964,0,normal
6965,1,series_arc
6966,0,normal
6967,0,normal
6968,0,normal
6969,1,series_arc
6970,1,series_arc
6971,0,normal
6972,1,series_arc
6973,0,normal
6974,0,normal
6975,1,series_arc
6976,0,normal
6977,0,normal
6978,0,normal
6979,2,parallel_arc
6980,1,series_arc
6981,2,parallel_arc
6982,0,normal
6983,0,normal
6984,0,normal
6985,1,series_arc
6986,1,series_arc
6987,1,series_arc
6988,0,normal
6989,0,normal
6990,0,normal
6991,2,parallel_arc
6992,1,series_arc
6993,0,normal
6994,0,normal
6995,2,parallel_arc
6996,2,parallel_arc
6997,0,normal
6998,2,parallel_arc
6999,0,normal
7000,0,normal
7001,1,series_arc
7002,2,parallel_arc
7003,1,series_arc
7004,2,parallel_arc
7005,1,series_arc
7006,0,normal
7007,0,normal
7008,0,normal
7009,0,normal
7010,0,normal
7011,0,normal
7012,0,normal
7013,1,series_arc
7014,1,series_arc
7015,0,normal
7016,2,parallel_arc
7017,1,series_arc
7018,0,normal
7019,0,normal
7020,0,normal
7021,0,normal
7022,0,normal
7023,1,series_arc
7024,1,series_arc
7025,0,normal
7026,0,normal
7027,1,series_arc
7028,0,normal
7029,2,parallel_arc
7030,0,normal
7031,0,normal
7032,0,normal
7033,0,normal
7034,1,series_arc
7035,0,normal
7036,0,normal
7037,0,normal
7038,0,normal
7039,2,parallel_arc
7040,0,normal
7041,0,normal
7042,1,series_arc
7043,0,normal
7044,2,parallel_arc
7045,0,normal
7046,1,series_arc
7047,0,normal
7048,2,parallel_arc
7049,0,normal
7050,0,normal
7051,0,normal
7052,0,normal
7053,0,normal
7054,1,series_arc
7055,0,normal
7056,0,normal
7057,0,normal
7058,0,normal
7059,0,normal
7060,0,normal
7061,0,normal
7062,0,normal
7063,1,series_arc
7064,2,parallel_arc
7065,1,series_arc
7066,2,parallel_arc
7067,2,parallel_arc
7068,2,parallel_arc
7069,0,normal
7070,0,normal
7071,0,normal
7072,0,normal
7073,0,normal
7074,2,parallel_arc
7075,1,series_arc
7076,0,normal
7077,2,parallel_arc
7078,0,normal
7079,0,normal
7080,0,normal
7081,1,series_arc
7082,0,normal
7083,1,series_arc
7084,0,normal
7085,1,series_arc
7086,2,parallel_arc
7087,1,series_arc
7088,1,series_arc
7089,0,normal
7090,0,normal
7091,0,normal
7092,1,series_arc
7093,0,normal
7094,0,normal
7095,2,parallel_arc
7096,1,series_arc
7097,0,normal
7098,0,normal
7099,2,parallel_arc
7100,2,parallel_arc
7101,1,series_arc
7102,0,normal
7103,0,normal
7104,0,normal
7105,0,normal
7106,1,series_arc
7107,0,normal
7108,0,normal
7109,1,series_arc
7110,0,normal
7111,0,normal
7112,1,series_arc
7113,0,normal
7114,0,normal
7115,2,parallel_arc
7116,2,parallel_arc
7117,2,parallel_arc
7118,1,series_arc
7119,2,parallel_arc
7120,0,normal
7121,2,parallel_arc
7122,0,normal
7123,0,normal
7124,0,normal
7125,1,series_arc
7126,1,series_arc
7127,0,normal
7128,0,normal
7129,0,normal
7130,1,series_arc
7131,0,normal
7132,2,parallel_arc
7133,1,series_arc
7134,0,normal
7135,0,normal
7136,1,series_arc
7137,0,normal
7138,2,parallel_arc
7139,0,normal
7140,2,parallel_arc
7141,2,parallel_arc
7142,0,normal
7143,0,normal
7144,0,normal
7145,0,normal
7146,1,series_arc
7147,0,normal
7148,1,series_arc
7149,0,normal
7150,0,normal
7151,0,normal
7152,2,parallel_arc
7153,0,normal
7154,0,normal
7155,0,normal
7156,0,normal
7157,0,normal
7158,1,series_arc
7159,0,normal
7160,1,series_arc
7161,0,normal
7162,0,normal
7163,1,series_arc
7164,0,normal
7165,0,normal
7166,1,series_arc
7167,2,parallel_arc
7168,1,series_arc
7169,0,normal
7170,0,normal
7171,1,series_arc
7172,2,parallel_arc
7173,0,normal
7174,0,normal
7175,0,normal
7176,0,normal
7177,0,normal
7178,0,normal
7179,2,parallel_arc
7180,0,normal
7181,0,normal
7182,2,parallel_arc
7183,2,parallel_arc
7184,1,series_arc
7185,0,normal
7186,0,normal
7187,0,normal
7188,2,parallel_arc
7189,1,series_arc
7190,1,series_arc
7191,2,parallel_arc
7192,1,series_arc
7193,0,normal
7194,2,parallel_arc
7195,1,series_arc
7196,0,normal
7197,2,parallel_arc
7198,0,normal
7199,0,normal
7200,1,series_arc
7201,0,normal
7202,0,normal
7203,1,series_arc
7204,0,normal
7205,2,parallel_arc
7206,0,normal
7207,0,normal
7208,0,normal
7209,0,normal
7210,1,series_arc
7211,0,normal
7212,0,normal
7213,1,series_arc
7214,1,series_arc
7215,0,normal
7216,2,parallel_arc
7217,1,series_arc
7218,1,series_arc
7219,0,normal
7220,0,normal
7221,0,normal
7222,2,parallel_arc
7223,0,normal
7224,0,normal
7225,1,series_arc
7226,0,normal
7227,1,series_arc
7228,0,normal
7229,0,normal
7230,0,normal
7231,2,parallel_arc
7232,0,normal
7233,0,normal
7234,0,normal
7235,0,normal
7236,0,normal
7237,0,normal
7238,2,parallel_arc
7239,0,normal
7240,0,normal
7241,0,normal
7242,0,normal
7243,0,normal
7244,0,normal
7245,0,normal
7246,1,series_arc
7247,0,normal
7248,0,normal
7249,2,parallel_arc
7250,0,normal
7251,2,parallel_arc
7252,2,parallel_arc
7253,0,normal
7254,2,parallel_arc
7255,0,normal
7256,0,normal
7257,2,parallel_arc
7258,0,normal
7259,0,normal
7260,0,normal
7261,1,series_arc
7262,0,normal
7263,0,normal
7264,1,series_arc
7265,0,normal
7266,1,series_arc
7267,0,normal
7268,0,normal
7269,0,normal
7270,1,series_arc
7271,0,normal
7272,0,normal
7273,1,series_arc
7274,0,normal
7275,0,normal
7276,1,series_arc
7277,1,series_arc
7278,1,series_arc
7279,0,normal
7280,1,series_arc
7281,0,normal
7282,0,normal
7283,0,normal
7284,0,normal
7285,0,normal
7286,2,parallel_arc
7287,0,normal
7288,1,series_arc
7289,2,parallel_arc
7290,0,normal
7291,2,parallel_arc
7292,0,normal
7293,0,normal
7294,1,series_arc
7295,0,normal
7296,0,normal
7297,0,normal
7298,1,series_arc
7299,0,normal
7300,0,normal
7301,1,series_arc
7302,2,parallel_arc
7303,0,normal
7304,0,normal
7305,1,series_arc
7306,0,normal
7307,2,parallel_arc
7308,2,parallel_arc
7309,0,normal
7310,1,series_arc
7311,0,normal
7312,1,series_arc
7313,2,parallel_arc
7314,0,normal
7315,0,normal
7316,2,parallel_arc
7317,1,series_arc
7318,0,normal
7319,0,normal
7320,0,normal
7321,1,series_arc
7322,0,normal
7323,0,normal
7324,0,normal
7325,0,normal
7326,0,normal
7327,2,parallel_arc
7328,0,normal
7329,0,normal
7330,0,normal
7331,2,parallel_arc
7332,0,normal
7333,2,parallel_arc
7334,1,series_arc
7335,0,normal
7336,2,parallel_arc
7337,0,normal
7338,2,parallel_arc
7339,0,normal
7340,0,normal
7341,1,series_arc
7342,0,normal
7343,0,normal
7344,0,normal
7345,1,series_arc
7346,1,series_arc
7347,1,series_arc
7348,1,series_arc
7349,0,normal
7350,2,parallel_arc
7351,2,parallel_arc
7352,0,normal
7353,0,normal
7354,0,normal
7355,1,series_arc
7356,1,series_arc
7357,0,normal
7358,0,normal
7359,2,parallel_arc
7360,0,normal
7361,0,normal
7362,0,normal
7363,1,series_arc
7364,1,series_arc
7365,2,parallel_arc
7366,0,normal
7367,0,normal
7368,2,parallel_arc
7369,1,series_arc
7370,1,series_arc
7371,0,normal
7372,2,parallel_arc
7373,1,series_arc
7374,0,normal
7375,0,normal
7376,1,series_arc
7377,1,series_arc
7378,0,normal
7379,0,normal
7380,1,series_arc
7381,1,series_arc
7382,1,series_arc
7383,0,normal
7384,2,parallel_arc
7385,0,normal
7386,0,normal
7387,0,normal
7388,0,normal
7389,0,normal
7390,0,normal
7391,0,normal
7392,0,normal
7393,0,normal
7394,1,series_arc
7395,2,parallel_arc
7396,0,normal
7397,0,normal
7398,0,normal
7399,0,normal
7400,1,series_arc
7401,0,normal
7402,1,series_arc
7403,0,normal
7404,0,normal
7405,0,normal
7406,0,normal
7407,0,normal
7408,1,series_arc
7409,0,normal
7410,1,series_arc
7411,1,series_arc
7412,2,parallel_arc
7413,0,normal
7414,0,normal
7415,0,normal
7416,0,normal
7417,0,normal
7418,2,parallel_arc
7419,1,series_arc
7420,0,normal
7421,0,normal
7422,0,normal
7423,0,normal
7424,0,normal
7425,0,normal
7426,0,normal
7427,2,parallel_arc
7428,0,normal
7429,2,parallel_arc
7430,2,parallel_arc
7431,0,normal
7432,0,normal
7433,0,normal
7434,0,normal
7435,2,parallel_arc
7436,0,normal
7437,0,normal
7438,0,normal
7439,0,normal
7440,1,series_arc
7441,1,series_arc
7442,0,normal
7443,2,parallel_arc
7444,2,parallel_arc
7445,0,normal
7446,0,normal
7447,0,normal
7448,0,normal
7449,0,normal
7450,0,normal
7451,0,normal
7452,2,parallel_arc
7453,1,series_arc
7454,0,normal
7455,1,series_arc
7456,0,normal
7457,1,series_arc
7458,0,normal
7459,1,series_arc
7460,0,normal
7461,2,parallel_arc
7462,1,series_arc
7463,0,normal
7464,0,normal
7465,1,series_arc
7466,2,parallel_arc
7467,1,series_arc
7468,0,normal
7469,0,normal
7470,0,normal
7471,0,normal
7472,1,series_arc
7473,2,parallel_arc
7474,0,normal
7475,2,parallel_arc
7476,1,series_arc
7477,1,series_arc
7478,1,series_arc
7479,0,normal
7480,0,normal
7481,2,parallel_arc
7482,0,normal
7483,0,normal
7484,0,normal
7485,0,normal
7486,1,series_arc
7487,1,series_arc
7488,2,parallel_arc
7489,0,normal
7490,1,series_arc
7491,0,normal
7492,0,normal
7493,0,normal
7494,1,series_arc
7495,0,normal
7496,0,normal
7497,0,normal
7498,0,normal
7499,1,series_arc
7500,0,normal
7501,0,normal
7502,0,normal
7503,1,series_arc
7504,0,normal
7505,0,normal
7506,1,series_arc
7507,0,normal
7508,1,series_arc
7509,0,normal
7510,0,normal
7511,0,normal
7512,0,normal
7513,0,normal
7514,0,normal
7515,0,normal
7516,1,series_arc
7517,1,series_arc
7518,1,series_arc
7519,1,series_arc
7520,0,normal
7521,1,series_arc
7522,1,series_arc
7523,0,normal
7524,2,parallel_arc
7525,1,series_arc
7526,0,normal
7527,0,normal
7528,0,normal
7529,1,series_arc
7530,1,series_arc
7531,1,series_arc
7532,0,normal
7533,2,parallel_arc
7534,0,normal
7535,0,normal
7536,1,series_arc
7537,0,normal
7538,1,series_arc
7539,0,normal
7540,1,series_arc
7541,0,normal
7542,0,normal
7543,2,parallel_arc
7544,0,normal
7545,0,normal
7546,0,normal
7547,0,normal
7548,0,normal
7549,1,series_arc
7550,1,series_arc
7551,1,series_arc
7552,2,parallel_arc
7553,1,series_arc
7554,1,series_arc
7555,2,parallel_arc
7556,1,series_arc
7557,2,parallel_arc
7558,1,series_arc
7559,0,normal
7560,0,normal
7561,0,normal
7562,0,normal
7563,0,normal
7564,0,normal
7565,0,normal
7566,0,normal
7567,1,series_arc
7568,0,normal
7569,0,normal
7570,1,series_arc
7571,0,normal
7572,0,normal
7573,1,series_arc
7574,1,series_arc
7575,0,normal
7576,0,normal
7577,0,normal
7578,2,parallel_arc
7579,0,normal
7580,0,normal
7581,0,normal
7582,1,series_arc
7583,1,series_arc
7584,0,normal
7585,0,normal
7586,0,normal
7587,0,normal
7588,1,series_arc
7589,2,parallel_arc
7590,0,normal
7591,1,series_arc
7592,0,normal
7593,0,normal
7594,0,normal
7595,1,series_arc
7596,2,parallel_arc
7597,0,normal
7598,0,normal
7599,0,normal
7600,2,parallel_arc
7601,1,series_arc
7602,0,normal
7603,0,normal
7604,1,series_arc
7605,1,series_arc
7606,2,parallel_arc
7607,1,series_arc
7608,0,normal
7609,1,series_arc
7610,1,series_arc
7611,1,series_arc
7612,0,normal
7613,0,normal
7614,0,normal
7615,1,series_arc
7616,2,parallel_arc
7617,2,parallel_arc
7618,0,normal
7619,0,normal
7620,2,parallel_arc
7621,0,normal
7622,2,parallel_arc
7623,1,series_arc
7624,1,series_arc
7625,0,normal
7626,0,normal
7627,2,parallel_arc
7628,0,normal
7629,0,normal
7630,2,parallel_arc
7631,2,parallel_arc
7632,0,normal
7633,1,series_arc
7634,0,normal
7635,0,normal
7636,0,normal
7637,0,normal
7638,0,normal
7639,0,normal
7640,1,series_arc
7641,0,normal
7642,2,parallel_arc
7643,0,normal
7644,0,normal
7645,1,series_arc
7646,1,series_arc
7647,0,normal
7648,2,parallel_arc
7649,0,normal
7650,1,series_arc
7651,0,normal
7652,2,parallel_arc
7653,0,normal
7654,0,normal
7655,0,normal
7656,2,parallel_arc
7657,0,normal
7658,0,normal
7659,0,normal
7660,2,parallel_arc
7661,2,parallel_arc
7662,0,normal
7663,1,series_arc
7664,0,normal
7665,0,normal
7666,0,normal
7667,0,normal
7668,2,parallel_arc
7669,0,normal
7670,0,normal
7671,0,normal
7672,2,parallel_arc
7673,1,series_arc
7674,0,normal
7675,0,normal
7676,1,series_arc
7677,2,parallel_arc
7678,0,normal
7679,0,normal
7680,2,parallel_arc
7681,0,normal
7682,2,parallel_arc
7683,0,normal
7684,0,normal
7685,0,normal
7686,0,normal
7687,0,normal
7688,2,parallel_arc
7689,2,parallel_arc
7690,0,normal
7691,0,normal
7692,2,parallel_arc
7693,0,normal
7694,0,normal
7695,0,normal
7696,0,normal
7697,0,normal
7698,0,normal
7699,1,series_arc
7700,1,series_arc
7701,1,series_arc
7702,2,parallel_arc
7703,0,normal
7704,0,normal
7705,0,normal
7706,0,normal
7707,0,normal
7708,0,normal
7709,1,series_arc
7710,0,normal
7711,2,parallel_arc
7712,0,normal
7713,0,normal
7714,1,series_arc
7715,0,normal
7716,0,normal
7717,0,normal
7718,0,normal
7719,0,normal
7720,2,parallel_arc
7721,0,normal
7722,1,series_arc
7723,0,normal
7724,1,series_arc
7725,0,normal
7726,0,normal
7727,0,normal
7728,0,normal
7729,2,parallel_arc
7730,0,normal
7731,1,series_arc
7732,2,parallel_arc
7733,0,normal
7734,0,normal
7735,0,normal
7736,1,series_arc
7737,1,series_arc
7738,1,series_arc
7739,0,normal
7740,1,series_arc
7741,2,parallel_arc
7742,0,normal
7743,2,parallel_arc
7744,0,normal
7745,0,normal
7746,1,series_arc
7747,2,parallel_arc
7748,0,normal
7749,2,parallel_arc
7750,0,normal
7751,2,parallel_arc
7752,0,normal
7753,0,normal
7754,0,normal
7755,0,normal
7756,0,normal
7757,0,normal
7758,0,normal
7759,0,normal
7760,1,series_arc
7761,0,normal
7762,1,series_arc
7763,1,series_arc
7764,2,parallel_arc
7765,1,series_arc
7766,2,parallel_arc
7767,0,normal
7768,0,normal
7769,0,normal
7770,0,normal
7771,0,normal
7772,0,normal
7773,0,normal
7774,0,normal
7775,1,series_arc
7776,0,normal
7777,0,normal
7778,1,series_arc
7779,0,normal
7780,0,normal
7781,0,normal
7782,0,normal
7783,0,normal
7784,0,normal
7785,0,normal
7786,0,normal
7787,0,normal
7788,1,series_arc
7789,2,parallel_arc
7790,0,normal
7791,0,normal
7792,0,normal
7793,2,parallel_arc
7794,1,series_arc
7795,1,series_arc
7796,0,normal
7797,0,normal
7798,2,parallel_arc
7799,0,normal
7800,0,normal
7801,0,normal
7802,1,series_arc
7803,1,series_arc
7804,0,normal
7805,1,series_arc
7806,0,normal
7807,0,normal
7808,0,normal
7809,0,normal
7810,0,normal
7811,1,series_arc
7812,0,normal
7813,1,series_arc
7814,0,normal
7815,1,series_arc
7816,0,normal
7817,0,normal
7818,0,normal
7819,0,normal
7820,0,normal
7821,2,parallel_arc
7822,2,parallel_arc
7823,0,normal
7824,0,normal
7825,2,parallel_arc
7826,0,normal
7827,1,series_arc
7828,0,normal
7829,1,series_arc
7830,2,parallel_arc
7831,2,parallel_arc
7832,0,normal
7833,1,series_arc
7834,0,normal
7835,0,normal
7836,0,normal
7837,1,series_arc
7838,0,normal
7839,2,parallel_arc
7840,2,parallel_arc
7841,2,parallel_arc
7842,1,series_arc
7843,2,parallel_arc
7844,1,series_arc
7845,2,parallel_arc
7846,1,series_arc
7847,2,parallel_arc
7848,0,normal
7849,0,normal
7850,1,series_arc
7851,1,series_arc
7852,0,normal
7853,2,parallel_arc
7854,0,normal
7855,0,normal
7856,0,normal
7857,0,normal
7858,0,normal
7859,0,normal
7860,0,normal
7861,0,normal
7862,1,series_arc
7863,0,normal
7864,0,normal
7865,2,parallel_arc
7866,0,normal
7867,0,normal
7868,0,normal
7869,1,series_arc
7870,2,parallel_arc
7871,1,series_arc
7872,1,series_arc
7873,0,normal
7874,0,normal
7875,0,normal
7876,0,normal
7877,0,normal
7878,0,normal
7879,0,normal
7880,1,series_arc
7881,2,parallel_arc
7882,1,series_arc
7883,0,normal
7884,1,series_arc
7885,0,normal
7886,1,series_arc
7887,0,normal
7888,0,normal
7889,0,normal
7890,0,normal
7891,0,normal
7892,0,normal
7893,0,normal
7894,0,normal
7895,0,normal
7896,2,parallel_arc
7897,1,series_arc
7898,2,parallel_arc
7899,0,normal
7900,0,normal
7901,0,normal
7902,0,normal
7903,1,series_arc
7904,1,series_arc
7905,1,series_arc
7906,2,parallel_arc
7907,1,series_arc
7908,0,normal
7909,0,normal
7910,0,normal
7911,1,series_arc
7912,0,normal
7913,0,normal
7914,1,series_arc
7915,0,normal
7916,0,normal
7917,2,parallel_arc
7918,0,normal
7919,0,normal
7920,0,normal
7921,0,normal
7922,0,normal
7923,0,normal
7924,0,normal
7925,2,parallel_arc
7926,0,normal
7927,0,normal
7928,2,parallel_arc
7929,0,normal
7930,0,normal
7931,2,parallel_arc
7932,1,series_arc
7933,1,series_arc
7934,0,normal
7935,2,parallel_arc
7936,0,normal
7937,2,parallel_arc
7938,2,parallel_arc
7939,0,normal
7940,0,normal
7941,0,normal
7942,2,parallel_arc
7943,0,normal
7944,1,series_arc
7945,1,series_arc
7946,0,normal
7947,2,parallel_arc
7948,0,normal
7949,0,normal
7950,2,parallel_arc
7951,0,normal
7952,2,parallel_arc
7953,0,normal
7954,2,parallel_arc
7955,1,series_arc
7956,1,series_arc
7957,0,normal
7958,1,series_arc
7959,1,series_arc
7960,0,normal
7961,0,normal
7962,0,normal
7963,0,normal
7964,1,series_arc
7965,0,normal
7966,0,normal
7967,1,series_arc
7968,0,normal
7969,0,normal
7970,0,normal
7971,0,normal
7972,0,normal
7973,0,normal
7974,0,normal
7975,0,normal
7976,1,series_arc
7977,0,normal
7978,0,normal
7979,0,normal
7980,0,normal
7981,0,normal
7982,1,series_arc
7983,0,normal
7984,1,series_arc
7985,1,series_arc
7986,0,normal
7987,0,normal
7988,0,normal
7989,0,normal
7990,0,normal
7991,0,normal
7992,2,parallel_arc
7993,0,normal
7994,2,parallel_arc
7995,1,series_arc
7996,1,series_arc
7997,0,normal
7998,0,normal
7999,0,normal
8000,0,normal
8001,0,normal
8002,2,parallel_arc
8003,1,series_arc
8004,1,series_arc
8005,1,series_arc
8006,1,series_arc
8007,0,normal
8008,0,normal
8009,1,series_arc
8010,0,normal
8011,0,normal
8012,1,series_arc
8013,1,series_arc
8014,0,normal
8015,2,parallel_arc
8016,0,normal
8017,0,normal
8018,2,parallel_arc
8019,0,normal
8020,1,series_arc
8021,0,normal
8022,0,normal
8023,2,parallel_arc
8024,2,parallel_arc
8025,0,normal
8026,0,normal
8027,1,series_arc
8028,2,parallel_arc
8029,2,parallel_arc
8030,0,normal
8031,1,series_arc
8032,0,normal
8033,2,parallel_arc
8034,0,normal
8035,0,normal
8036,1,series_arc
8037,1,series_arc
8038,0,normal
8039,0,normal
8040,0,normal
8041,0,normal
8042,1,series_arc
8043,0,normal
8044,0,normal
8045,1,series_arc
8046,0,normal
8047,1,series_arc
8048,1,series_arc
8049,1,series_arc
8050,0,normal
8051,0,normal
8052,0,normal
8053,0,normal
8054,0,normal
8055,0,normal
8056,0,normal
8057,0,normal
8058,0,normal
8059,0,normal
8060,1,series_arc
8061,0,normal
8062,0,normal
8063,1,series_arc
8064,2,parallel_arc
8065,1,series_arc
8066,1,series_arc
8067,0,normal
8068,0,normal
8069,0,normal
8070,1,series_arc
8071,0,normal
8072,0,normal
8073,0,normal
8074,2,parallel_arc
8075,0,normal
8076,1,series_arc
8077,0,normal
8078,0,normal
8079,0,normal
8080,0,normal
8081,0,normal
8082,0,normal
8083,0,normal
8084,1,series_arc
8085,2,parallel_arc
8086,0,normal
8087,2,parallel_arc
8088,0,normal
8089,2,parallel_arc
8090,0,normal
8091,0,normal
8092,0,normal
8093,0,normal
8094,0,normal
8095,2,parallel_arc
8096,2,parallel_arc
8097,0,normal
8098,0,normal
8099,0,normal
8100,0,normal
8101,0,normal
8102,0,normal
8103,0,normal
8104,0,normal
8105,0,normal
8106,0,normal
8107,0,normal
8108,0,normal
8109,0,normal
8110,1,series_arc
8111,0,normal
8112,0,normal
8113,2,parallel_arc
8114,0,normal
8115,0,normal
8116,0,normal
8117,1,series_arc
8118,1,series_arc
8119,0,normal
8120,0,normal
8121,0,normal
8122,0,normal
8123,0,normal
8124,2,parallel_arc
8125,0,normal
8126,0,normal
8127,1,series_arc
8128,1,series_arc
8129,0,normal
8130,0,normal
8131,1,series_arc
8132,0,normal
8133,0,normal
8134,0,normal
8135,0,normal
8136,0,normal
8137,0,normal
8138,0,normal
8139,0,normal
8140,0,normal
8141,0,normal
8142,1,series_arc
8143,0,normal
8144,0,normal
8145,0,normal
8146,2,parallel_arc
8147,0,normal
8148,0,normal
8149,0,normal
8150,2,parallel_arc
8151,1,series_arc
8152,0,normal
8153,0,normal
8154,2,parallel_arc
8155,0,normal
8156,2,parallel_arc
8157,1,series_arc
8158,2,parallel_arc
8159,0,normal
8160,1,series_arc
8161,0,normal
8162,0,normal
8163,0,normal
8164,0,normal
8165,1,series_arc
8166,1,series_arc
8167,1,series_arc
8168,1,series_arc
8169,1,series_arc
8170,2,parallel_arc
8171,0,normal
8172,2,parallel_arc
8173,0,normal
8174,0,normal
8175,1,series_arc
8176,0,normal
8177,0,normal
8178,1,series_arc
8179,1,series_arc
8180,0,normal
8181,2,parallel_arc
8182,0,normal
8183,0,normal
8184,0,normal
8185,0,normal
8186,0,normal
8187,0,normal
8188,0,normal
8189,0,normal
8190,0,normal
8191,0,normal
8192,1,series_arc
8193,0,normal
8194,0,normal
8195,2,parallel_arc
8196,0,normal
8197,2,parallel_arc
8198,1,series_arc
8199,0,normal
8200,0,normal
8201,1,series_arc
8202,1,series_arc
8203,1,series_arc
8204,1,series_arc
8205,2,parallel_arc
8206,0,normal
8207,2,parallel_arc
8208,0,normal
8209,0,normal
8210,2,parallel_arc
8211,2,parallel_arc
8212,0,normal
8213,1,series_arc
8214,2,parallel_arc
8215,1,series_arc
8216,0,normal
8217,0,normal
8218,1,series_arc
8219,0,normal
8220,1,series_arc
8221,0,normal
8222,2,parallel_arc
8223,1,series_arc
8224,0,normal
8225,0,normal
8226,1,series_arc
8227,1,series_arc
8228,2,parallel_arc
8229,0,normal
8230,2,parallel_arc
8231,2,parallel_arc
8232,0,normal
8233,0,normal
8234,1,series_arc
8235,0,normal
8236,0,normal
8237,1,series_arc
8238,1,series_arc
8239,0,normal
8240,0,normal
8241,2,parallel_arc
8242,2,parallel_arc
8243,1,series_arc
8244,1,series_arc
8245,0,normal
8246,2,parallel_arc
8247,2,parallel_arc
8248,1,series_arc
8249,0,normal
8250,0,normal
8251,0,normal
8252,0,normal
8253,0,normal
8254,0,normal
8255,0,normal
8256,2,parallel_arc
8257,1,series_arc
8258,2,parallel_arc
8259,0,normal
8260,2,parallel_arc
8261,0,normal
8262,0,normal
8263,1,series_arc
8264,2,parallel_arc
8265,2,parallel_arc
8266,0,normal
8267,2,parallel_arc
8268,1,series_arc
8269,1,series_arc
8270,0,normal
8271,2,parallel_arc
8272,0,normal
8273,0,normal
8274,0,normal
8275,1,series_arc
8276,0,normal
8277,1,series_arc
8278,0,normal
8279,2,parallel_arc
8280,0,normal
8281,0,normal
8282,0,normal
8283,1,series_arc
8284,1,series_arc
8285,0,normal
8286,0,normal
8287,1,series_arc
8288,0,normal
8289,1,series_arc
8290,0,normal
8291,0,normal
8292,2,parallel_arc
8293,0,normal
8294,0,normal
8295,1,series_arc
8296,0,normal
8297,1,series_arc
8298,0,normal
8299,1,series_arc
8300,0,normal
8301,0,normal
8302,0,normal
8303,0,normal
8304,1,series_arc
8305,0,normal
8306,0,normal
8307,1,series_arc
8308,0,normal
8309,1,series_arc
8310,0,normal
8311,0,normal
8312,1,series_arc
8313,0,normal
8314,1,series_arc
8315,2,parallel_arc
8316,2,parallel_arc
8317,2,parallel_arc
8318,1,series_arc
8319,0,normal
8320,0,normal
8321,0,normal
8322,2,parallel_arc
8323,0,normal
8324,0,normal
8325,0,normal
8326,0,normal
8327,0,normal
8328,0,normal
8329,2,parallel_arc
8330,0,normal
8331,1,series_arc
8332,1,series_arc
8333,0,normal
8334,0,normal
8335,1,series_arc
8336,0,normal
8337,0,normal
8338,1,series_arc
8339,2,parallel_arc
8340,1,series_arc
8341,0,normal
8342,0,normal
8343,1,series_arc
8344,1,series_arc
8345,1,series_arc
8346,1,series_arc
8347,0,normal
8348,0,normal
8349,1,series_arc
8350,0,normal
8351,0,normal
8352,2,parallel_arc
8353,0,normal
8354,1,series_arc
8355,0,normal
8356,2,parallel_arc
8357,1,series_arc
8358,0,normal
8359,1,series_arc
8360,0,normal
8361,0,normal
8362,0,normal
8363,1,series_arc
8364,0,normal
8365,2,parallel_arc
8366,0,normal
8367,1,series_arc
8368,1,series_arc
8369,0,normal
8370,0,normal
8371,1,series_arc
8372,0,normal
8373,0,normal
8374,0,normal
8375,1,series_arc
8376,0,normal
8377,0,normal
8378,0,normal
8379,0,normal
8380,1,series_arc
8381,1,series_arc
8382,0,normal
8383,1,series_arc
8384,2,parallel_arc
8385,0,normal
8386,0,normal
8387,0,normal
8388,0,normal
8389,0,normal
8390,2,parallel_arc
8391,0,normal
8392,1,series_arc
8393,0,normal
8394,2,parallel_arc
8395,0,normal
8396,0,normal
8397,0,normal
8398,2,parallel_arc
8399,0,normal
8400,1,series_arc
8401,0,normal
8402,0,normal
8403,0,normal
8404,0,normal
8405,0,normal
8406,0,normal
8407,0,normal
8408,1,series_arc
8409,0,normal
8410,0,normal
8411,0,normal
8412,0,normal
8413,1,series_arc
8414,1,series_arc
8415,0,normal
8416,0,normal
8417,0,normal
8418,0,normal
8419,2,parallel_arc
8420,1,series_arc
8421,0,normal
8422,0,normal
8423,0,normal
8424,2,parallel_arc
8425,0,normal
8426,1,series_arc
8427,0,normal
8428,0,normal
8429,0,normal
8430,0,normal
8431,1,series_arc
8432,1,series_arc
8433,1,series_arc
8434,1,series_arc
8435,0,normal
8436,1,series_arc
8437,1,series_arc
8438,0,normal
8439,2,parallel_arc
8440,0,normal
8441,1,series_arc
8442,1,series_arc
8443,0,normal
8444,0,normal
8445,1,series_arc
8446,0,normal
8447,0,normal
8448,0,normal
8449,2,parallel_arc
8450,0,normal
8451,0,normal
8452,1,series_arc
8453,0,normal
8454,0,normal
8455,0,normal
8456,2,parallel_arc
8457,0,normal
8458,1,series_arc
8459,0,normal
8460,0,normal
8461,0,normal
8462,1,series_arc
8463,0,normal
8464,0,normal
8465,0,normal
8466,1,series_arc
8467,0,normal
8468,1,series_arc
8469,2,parallel_arc
8470,0,normal
8471,0,normal
8472,0,normal
8473,2,parallel_arc
8474,1,series_arc
8475,1,series_arc
8476,0,normal
8477,2,parallel_arc
8478,0,normal
8479,0,normal
8480,1,series_arc
8481,1,series_arc
8482,0,normal
8483,1,series_arc
8484,0,normal
8485,1,series_arc
8486,0,normal
8487,0,normal
8488,0,normal
8489,1,series_arc
8490,1,series_arc
8491,2,parallel_arc
8492,0,normal
8493,1,series_arc
8494,2,parallel_arc
8495,0,normal
8496,0,normal
8497,0,normal
8498,1,series_arc
8499,0,normal
8500,0,normal
8501,0,normal
8502,0,normal
8503,0,normal
8504,0,normal
8505,1,series_arc
8506,1,series_arc
8507,0,normal
8508,1,series_arc
8509,0,normal
8510,0,normal
8511,1,series_arc
8512,0,normal
8513,1,series_arc
8514,0,normal
8515,2,parallel_arc
8516,1,series_arc
8517,0,normal
8518,2,parallel_arc
8519,0,normal
8520,2,parallel_arc
8521,2,parallel_arc
8522,0,normal
8523,0,normal
8524,1,series_arc
8525,0,normal
8526,2,parallel_arc
8527,1,series_arc
8528,1,series_arc
8529,1,series_arc
8530,0,normal
8531,2,parallel_arc
8532,1,series_arc
8533,1,series_arc
8534,0,normal
8535,1,series_arc
8536,0,normal
8537,1,series_arc
8538,0,normal
8539,0,normal
8540,0,normal
8541,0,normal
8542,1,series_arc
8543,2,parallel_arc
8544,1,series_arc
8545,0,normal
8546,0,normal
8547,1,series_arc
8548,0,normal
8549,2,parallel_arc
8550,0,normal
8551,0,normal
8552,2,parallel_arc
8553,0,normal
8554,0,normal
8555,2,parallel_arc
8556,2,parallel_arc
8557,0,normal
8558,0,normal
8559,0,normal
8560,0,normal
8561,1,series_arc
8562,0,normal
8563,0,normal
8564,0,normal
8565,0,normal
8566,0,normal
8567,2,parallel_arc
8568,0,normal
8569,1,series_arc
8570,1,series_arc
8571,1,series_arc
8572,1,series_arc
8573,0,normal
8574,0,normal
8575,0,normal
8576,0,normal
8577,2,parallel_arc
8578,2,parallel_arc
8579,0,normal
8580,2,parallel_arc
8581,0,normal
8582,2,parallel_arc
8583,0,normal
8584,0,normal
8585,0,normal
8586,2,parallel_arc
8587,0,normal
8588,1,series_arc
8589,1,series_arc
8590,0,normal
8591,0,normal
8592,1,series_arc
8593,0,normal
8594,0,normal
8595,0,normal
8596,0,normal
8597,1,series_arc
8598,1,series_arc
8599,0,normal
8600,0,normal
8601,2,parallel_arc
8602,1,series_arc
8603,1,series_arc
8604,0,normal
8605,0,normal
8606,1,series_arc
8607,0,normal
8608,0,normal
8609,1,series_arc
8610,1,series_arc
8611,0,normal
8612,0,normal
8613,0,normal
8614,0,normal
8615,1,series_arc
8616,0,normal
8617,0,normal
8618,2,parallel_arc
8619,0,normal
8620,0,normal
8621,0,normal
8622,2,parallel_arc
8623,1,series_arc
8624,1,series_arc
8625,2,parallel_arc
8626,1,series_arc
8627,2,parallel_arc
8628,0,normal
8629,0,normal
8630,0,normal
8631,2,parallel_arc
8632,0,normal
8633,0,normal
8634,0,normal
8635,0,normal
8636,0,normal
8637,1,series_arc
8638,0,normal
8639,0,normal
8640,1,series_arc
8641,0,normal
8642,0,normal
8643,0,normal
8644,0,normal
8645,0,normal
8646,1,series_arc
8647,0,normal
8648,0,normal
8649,2,parallel_arc
8650,0,normal
8651,0,normal
8652,2,parallel_arc
8653,0,normal
8654,1,series_arc
8655,0,normal
8656,0,normal
8657,0,normal
8658,2,parallel_arc
8659,0,normal
8660,1,series_arc
8661,0,normal
8662,0,normal
8663,1,series_arc
8664,0,normal
8665,0,normal
8666,0,normal
8667,0,normal
8668,0,normal
8669,1,series_arc
8670,0,normal
8671,1,series_arc
8672,0,normal
8673,0,normal
8674,1,series_arc
8675,2,parallel_arc
8676,0,normal
8677,0,normal
8678,0,normal
8679,0,normal
8680,1,series_arc
8681,2,parallel_arc
8682,0,normal
8683,2,parallel_arc
8684,0,normal
8685,0,normal
8686,0,normal
8687,2,parallel_arc
8688,1,series_arc
8689,0,normal
8690,0,normal
8691,0,normal
8692,0,normal
8693,0,normal
8694,0,normal
8695,0,normal
8696,0,normal
8697,1,series_arc
8698,0,normal
8699,0,normal
8700,1,series_arc
8701,0,normal
8702,2,parallel_arc
8703,0,normal
8704,2,parallel_arc
8705,2,parallel_arc
8706,0,normal
8707,1,series_arc
8708,1,series_arc
8709,0,normal
8710,0,normal
8711,0,normal
8712,0,normal
8713,0,normal
8714,0,normal
8715,0,normal
8716,1,series_arc
8717,0,normal
8718,0,normal
8719,1,series_arc
8720,0,normal
8721,2,parallel_arc
8722,1,series_arc
8723,1,series_arc
8724,1,series_arc
8725,0,normal
8726,0,normal
8727,1,series_arc
8728,2,parallel_arc
8729,0,normal
8730,0,normal
8731,0,normal
8732,0,normal
8733,1,series_arc
8734,0,normal
8735,1,series_arc
8736,1,series_arc
8737,0,normal
8738,0,normal
8739,1,series_arc
8740,1,series_arc
8741,0,normal
8742,1,series_arc
8743,0,normal
8744,0,normal
8745,0,normal
8746,0,normal
8747,2,parallel_arc
8748,0,normal
8749,2,parallel_arc
8750,1,series_arc
8751,2,parallel_arc
8752,0,normal
8753,0,normal
8754,1,series_arc
8755,0,normal
8756,0,normal
8757,1,series_arc
8758,1,series_arc
8759,0,normal
8760,0,normal
8761,2,parallel_arc
8762,0,normal
8763,2,parallel_arc
8764,0,normal
8765,1,series_arc
8766,1,series_arc
8767,0,normal
8768,0,normal
8769,0,normal
8770,2,parallel_arc
8771,1,series_arc
8772,2,parallel_arc
8773,0,normal
8774,0,normal
8775,1,series_arc
8776,0,normal
8777,2,parallel_arc
8778,2,parallel_arc
8779,0,normal
8780,2,parallel_arc
8781,0,normal
8782,0,normal
8783,1,series_arc
8784,1,series_arc
8785,0,normal
8786,0,normal
8787,0,normal
8788,1,series_arc
8789,0,normal
8790,0,normal
8791,0,normal
8792,1,series_arc
8793,0,normal
8794,1,series_arc
8795,0,normal
8796,0,normal
8797,0,normal
8798,2,parallel_arc
8799,2,parallel_arc
8800,0,normal
8801,0,normal
8802,0,normal
8803,1,series_arc
8804,0,normal
8805,1,series_arc
8806,0,normal
8807,2,parallel_arc
8808,0,normal
8809,0,normal
8810,1,series_arc
8811,0,normal
8812,2,parallel_arc
8813,0,normal
8814,0,normal
8815,0,normal
8816,0,normal
8817,0,normal
8818,1,series_arc
8819,0,normal
8820,0,normal
8821,1,series_arc
8822,1,series_arc
8823,0,normal
8824,0,normal
8825,1,series_arc
8826,2,parallel_arc
8827,1,series_arc
8828,0,normal
8829,1,series_arc
8830,0,normal
8831,0,normal
8832,0,normal
8833,1,series_arc
8834,2,parallel_arc
8835,1,series_arc
8836,0,normal
8837,1,series_arc
8838,0,normal
8839,0,normal
8840,0,normal
8841,0,normal
8842,0,normal
8843,2,parallel_arc
8844,0,normal
8845,0,normal
8846,2,parallel_arc
8847,0,normal
8848,2,parallel_arc
8849,0,normal
8850,2,parallel_arc
8851,0,normal
8852,2,parallel_arc
8853,2,parallel_arc
8854,0,normal
8855,1,series_arc
8856,0,normal
8857,0,normal
8858,1,series_arc
8859,1,series_arc
8860,1,series_arc
8861,0,normal
8862,2,parallel_arc
8863,0,normal
8864,2,parallel_arc
8865,0,normal
8866,0,normal
8867,0,normal
8868,1,series_arc
8869,0,normal
8870,0,normal
8871,0,normal
8872,1,series_arc
8873,0,normal
8874,0,normal
8875,0,normal
8876,0,normal
8877,2,parallel_arc
8878,0,normal
8879,0,normal
8880,0,normal
8881,0,normal
8882,0,normal
8883,1,series_arc
8884,0,normal
8885,0,normal
8886,0,normal
8887,1,series_arc
8888,0,normal
8889,2,parallel_arc
8890,0,normal
8891,1,series_arc
8892,0,normal
8893,1,series_arc
8894,1,series_arc
8895,1,series_arc
8896,0,normal
8897,2,parallel_arc
8898,0,normal
8899,2,parallel_arc
8900,0,normal
8901,1,series_arc
8902,1,series_arc
8903,0,normal
8904,0,normal
8905,0,normal
8906,1,series_arc
8907,0,normal
8908,1,series_arc
8909,2,parallel_arc
8910,0,normal
8911,0,normal
8912,2,parallel_arc
8913,0,normal
8914,0,normal
8915,2,parallel_arc
8916,1,series_arc
8917,2,parallel_arc
8918,0,normal
8919,0,normal
8920,0,normal
8921,0,normal
8922,0,normal
8923,0,normal
8924,1,series_arc
8925,1,series_arc
8926,0,normal
8927,1,series_arc
8928,0,normal
8929,0,normal
8930,0,normal
8931,0,normal
8932,0,normal
8933,2,parallel_arc
8934,0,normal
8935,0,normal
8936,2,parallel_arc
8937,0,normal
8938,0,normal
8939,0,normal
8940,0,normal
8941,0,normal
8942,1,series_arc
8943,0,normal
8944,0,normal
8945,0,normal
8946,0,normal
8947,0,normal
8948,1,series_arc
8949,0,normal
8950,0,normal
8951,1,series_arc
8952,0,normal
8953,0,normal
8954,2,parallel_arc
8955,2,parallel_arc
8956,2,parallel_arc
8957,1,series_arc
8958,0,normal
8959,1,series_arc
8960,0,normal
8961,1,series_arc
8962,0,normal
8963,2,parallel_arc
8964,1,series_arc
8965,1,series_arc
8966,1,series_arc
8967,1,series_arc
8968,0,normal
8969,0,normal
8970,0,normal
8971,0,normal
8972,0,normal
8973,0,normal
8974,0,normal
8975,0,normal
8976,1,series_arc
8977,1,series_arc
8978,1,series_arc
8979,0,normal
8980,0,normal
8981,0,normal
8982,1,series_arc
8983,0,normal
8984,0,normal
8985,1,series_arc
8986,1,series_arc
8987,0,normal
8988,0,normal
8989,0,normal
8990,0,normal
8991,1,series_arc
8992,2,parallel_arc
8993,0,normal
8994,0,normal
8995,0,normal
8996,0,normal
8997,2,parallel_arc
8998,2,parallel_arc
8999,0,normal
9000,0,normal
9001,0,normal
9002,0,normal
9003,2,parallel_arc
9004,2,parallel_arc
9005,1,series_arc
9006,0,normal
9007,0,normal
9008,0,normal
9009,0,normal
9010,1,series_arc
9011,1,series_arc
9012,0,normal
9013,0,normal
9014,1,series_arc
9015,2,parallel_arc
9016,0,normal
9017,0,normal
9018,0,normal
9019,2,parallel_arc
9020,0,normal
9021,0,normal
9022,0,normal
9023,0,normal
9024,0,normal
9025,0,normal
9026,0,normal
9027,0,normal
9028,0,normal
9029,0,normal
9030,0,normal
9031,0,normal
9032,0,normal
9033,2,parallel_arc
9034,0,normal
9035,0,normal
9036,0,normal
9037,0,normal
9038,1,series_arc
9039,0,normal
9040,2,parallel_arc
9041,2,parallel_arc
9042,0,normal
9043,1,series_arc
9044,0,normal
9045,0,normal
9046,0,normal
9047,0,normal
9048,0,normal
9049,0,normal
9050,0,normal
9051,1,series_arc
9052,0,normal
9053,0,normal
9054,0,normal
9055,0,normal
9056,0,normal
9057,2,parallel_arc
9058,1,series_arc
9059,2,parallel_arc
9060,0,normal
9061,0,normal
9062,0,normal
9063,0,normal
9064,1,series_arc
9065,0,normal
9066,1,series_arc
9067,0,normal
9068,2,parallel_arc
9069,2,parallel_arc
9070,1,series_arc
9071,1,series_arc
9072,0,normal
9073,1,series_arc
9074,2,parallel_arc
9075,0,normal
9076,1,series_arc
9077,1,series_arc
9078,0,normal
9079,2,parallel_arc
9080,0,normal
9081,2,parallel_arc
9082,0,normal
9083,0,normal
9084,0,normal
9085,0,normal
9086,0,normal
9087,0,normal
9088,1,series_arc
9089,2,parallel_arc
9090,2,parallel_arc
9091,2,parallel_arc
9092,0,normal
9093,0,normal
9094,0,normal
9095,0,normal
9096,2,parallel_arc
9097,0,normal
9098,0,normal
9099,0,normal
9100,1,series_arc
9101,0,normal
9102,0,normal
9103,0,normal
9104,0,normal
9105,1,series_arc
9106,0,normal
9107,0,normal
9108,0,normal
9109,1,series_arc
9110,0,normal
9111,0,normal
9112,0,normal
9113,2,parallel_arc
9114,0,normal
9115,2,parallel_arc
9116,0,normal
9117,0,normal
9118,0,normal
9119,0,normal
9120,0,normal
9121,0,normal
9122,0,normal
9123,1,series_arc
9124,0,normal
9125,0,normal
9126,2,parallel_arc
9127,0,normal
9128,0,normal
9129,1,series_arc
9130,0,normal
9131,0,normal
9132,1,series_arc
9133,1,series_arc
9134,0,normal
9135,0,normal
9136,0,normal
9137,0,normal
9138,2,parallel_arc
9139,0,normal
9140,1,series_arc
9141,0,normal
9142,1,series_arc
9143,0,normal
9144,0,normal
9145,1,series_arc
9146,1,series_arc
9147,0,normal
9148,0,normal
9149,0,normal
9150,0,normal
9151,0,normal
9152,2,parallel_arc
9153,0,normal
9154,1,series_arc
9155,1,series_arc
9156,1,series_arc
9157,1,series_arc
9158,0,normal
9159,0,normal
9160,1,series_arc
9161,1,series_arc
9162,1,series_arc
9163,1,series_arc
9164,0,normal
9165,0,normal
9166,0,normal
9167,1,series_arc
9168,1,series_arc
9169,0,normal
9170,2,parallel_arc
9171,0,normal
9172,0,normal
9173,1,series_arc
9174,1,series_arc
9175,1,series_arc
9176,0,normal
9177,0,normal
9178,2,parallel_arc
9179,0,normal
9180,0,normal
9181,0,normal
9182,0,normal
9183,2,parallel_arc
9184,0,normal
9185,1,series_arc
9186,0,normal
9187,0,normal
9188,0,normal
9189,0,normal
9190,0,normal
9191,0,normal
9192,1,series_arc
9193,0,normal
9194,0,normal
9195,0,normal
9196,0,normal
9197,1,series_arc
9198,0,normal
9199,2,parallel_arc
9200,0,normal
9201,1,series_arc
9202,0,normal
9203,0,normal
9204,0,normal
9205,1,series_arc
9206,0,normal
9207,1,series_arc
9208,0,normal
9209,2,parallel_arc
9210,1,series_arc
9211,0,normal
9212,2,parallel_arc
9213,1,series_arc
9214,0,normal
9215,0,normal
9216,2,parallel_arc
9217,2,parallel_arc
9218,0,normal
9219,1,series_arc
9220,0,normal
9221,0,normal
9222,2,parallel_arc
9223,2,parallel_arc
9224,0,normal
9225,2,parallel_arc
9226,0,normal
9227,2,parallel_arc
9228,0,normal
9229,1,series_arc
9230,1,series_arc
9231,0,normal
9232,1,series_arc
9233,0,normal
9234,0,normal
9235,0,normal
9236,0,normal
9237,1,series_arc
9238,1,series_arc
9239,0,normal
9240,2,parallel_arc
9241,0,normal
9242,0,normal
9243,0,normal
9244,0,normal
9245,0,normal
9246,2,parallel_arc
9247,0,normal
9248,0,normal
9249,2,parallel_arc
9250,0,normal
9251,2,parallel_arc
9252,0,normal
9253,0,normal
9254,0,normal
9255,0,normal
9256,1,series_arc
9257,0,normal
9258,1,series_arc
9259,0,normal
9260,0,normal
9261,0,normal
9262,0,normal
9263,0,normal
9264,0,normal
9265,0,normal
9266,0,normal
9267,0,normal
9268,2,parallel_arc
9269,0,normal
9270,0,normal
9271,2,parallel_arc
9272,0,normal
9273,2,parallel_arc
9274,0,normal
9275,0,normal
9276,0,normal
9277,0,normal
9278,0,normal
9279,1,series_arc
9280,2,parallel_arc
9281,2,parallel_arc
9282,2,parallel_arc
9283,1,series_arc
9284,0,normal
9285,0,normal
9286,0,normal
9287,0,normal
9288,0,normal
9289,0,normal
9290,0,normal
9291,0,normal
9292,1,series_arc
9293,2,parallel_arc
9294,1,series_arc
9295,0,normal
9296,0,normal
9297,1,series_arc
9298,0,normal
9299,0,normal
9300,0,normal
9301,1,series_arc
9302,0,normal
9303,1,series_arc
9304,0,normal
9305,0,normal
9306,0,normal
9307,0,normal
9308,0,normal
9309,0,normal
9310,2,parallel_arc
9311,0,normal
9312,0,normal
9313,0,normal
9314,0,normal
9315,0,normal
9316,1,series_arc
9317,0,normal
9318,0,normal
9319,0,normal
9320,0,normal
9321,1,series_arc
9322,1,series_arc
9323,1,series_arc
9324,0,normal
9325,0,normal
9326,2,parallel_arc
9327,2,parallel_arc
9328,1,series_arc
9329,1,series_arc
9330,0,normal
9331,0,normal
9332,0,normal
9333,0,normal
9334,0,normal
9335,0,normal
9336,0,normal
9337,0,normal
9338,1,series_arc
9339,0,normal
9340,0,normal
9341,1,series_arc
9342,2,parallel_arc
9343,0,normal
9344,2,parallel_arc
9345,0,normal
9346,1,series_arc
9347,0,normal
9348,0,normal
9349,0,normal
9350,0,normal
9351,0,normal
9352,1,series_arc
9353,1,series_arc
9354,1,series_arc
9355,0,normal
9356,1,series_arc
9357,0,normal
9358,0,normal
9359,0,normal
9360,0,normal
9361,0,normal
9362,0,normal
9363,1,series_arc
9364,1,series_arc
9365,0,normal
9366,1,series_arc
9367,2,parallel_arc
9368,1,series_arc
9369,0,normal
9370,0,normal
9371,0,normal
9372,1,series_arc
9373,2,parallel_arc
9374,0,normal
9375,1,series_arc
9376,0,normal
9377,0,normal
9378,2,parallel_arc
9379,0,normal
9380,0,normal
9381,0,normal
9382,0,normal
9383,0,normal
9384,0,normal
9385,0,normal
9386,0,normal
9387,0,normal
9388,0,normal
9389,0,normal
9390,1,series_arc
9391,0,normal
9392,0,normal
9393,0,normal
9394,0,normal
9395,0,normal
9396,1,series_arc
9397,0,normal
9398,2,parallel_arc
9399,2,parallel_arc
9400,0,normal
9401,1,series_arc
9402,0,normal
9403,2,parallel_arc
9404,0,normal
9405,1,series_arc
9406,0,normal
9407,1,series_arc
9408,0,normal
9409,0,normal
9410,0,normal
9411,0,normal
9412,1,series_arc
9413,0,normal
9414,0,normal
9415,0,normal
9416,0,normal
9417,0,normal
9418,0,normal
9419,0,normal
9420,0,normal
9421,1,series_arc
9422,0,normal
9423,0,normal
9424,0,normal
9425,0,normal
9426,0,normal
9427,1,series_arc
9428,2,parallel_arc
9429,2,parallel_arc
9430,1,series_arc
9431,2,parallel_arc
9432,1,series_arc
9433,0,normal
9434,0,normal
9435,0,normal
9436,0,normal
9437,0,normal
9438,1,series_arc
9439,0,normal
9440,1,series_arc
9441,2,parallel_arc
9442,0,normal
9443,0,normal
9444,1,series_arc
9445,2,parallel_arc
9446,0,normal
9447,0,normal
9448,0,normal
9449,1,series_arc
9450,2,parallel_arc
9451,1,series_arc
9452,0,normal
9453,0,normal
9454,2,parallel_arc
9455,2,parallel_arc
9456,2,parallel_arc
9457,0,normal
9458,1,series_arc
9459,1,series_arc
9460,0,normal
9461,0,normal
9462,0,normal
9463,0,normal
9464,0,normal
9465,0,normal
9466,2,parallel_arc
9467,1,series_arc
9468,0,normal
9469,0,normal
9470,0,normal
9471,0,normal
9472,0,normal
9473,0,normal
9474,0,normal
9475,0,normal
9476,0,normal
9477,0,normal
9478,2,parallel_arc
9479,1,series_arc
9480,0,normal
9481,1,series_arc
9482,1,series_arc
9483,0,normal
9484,0,normal
9485,0,normal
9486,0,normal
9487,2,parallel_arc
9488,1,series_arc
9489,0,normal
9490,0,normal
9491,0,normal
9492,0,normal
9493,1,series_arc
9494,2,parallel_arc
9495,1,series_arc
9496,0,normal
9497,0,normal
9498,2,parallel_arc
9499,0,normal
9500,1,series_arc
9501,0,normal
9502,0,normal
9503,1,series_arc
9504,0,normal
9505,1,series_arc
9506,1,series_arc
9507,0,normal
9508,0,normal
9509,1,series_arc
9510,1,series_arc
9511,0,normal
9512,0,normal
9513,0,normal
9514,2,parallel_arc
9515,0,normal
9516,0,normal
9517,1,series_arc
9518,1,series_arc
9519,0,normal
9520,1,series_arc
9521,0,normal
9522,0,normal
9523,0,normal
9524,0,normal
9525,0,normal
9526,0,normal
9527,2,parallel_arc
9528,2,parallel_arc
9529,2,parallel_arc
9530,2,parallel_arc
9531,0,normal
9532,2,parallel_arc
9533,1,series_arc
9534,2,parallel_arc
9535,0,normal
9536,1,series_arc
9537,0,normal
9538,1,series_arc
9539,2,parallel_arc
9540,0,normal
9541,0,normal
9542,0,normal
9543,0,normal
9544,0,normal
9545,0,normal
9546,0,normal
9547,1,series_arc
9548,1,series_arc
9549,0,normal
9550,0,normal
9551,0,normal
9552,2,parallel_arc
9553,0,normal
9554,1,series_arc
9555,0,normal
9556,1,series_arc
9557,0,normal
9558,2,parallel_arc
9559,0,normal
9560,2,parallel_arc
9561,0,normal
9562,0,normal
9563,0,normal
9564,0,normal
9565,0,normal
9566,2,parallel_arc
9567,1,series_arc
9568,1,series_arc
9569,2,parallel_arc
9570,0,normal
9571,2,parallel_arc
9572,0,normal
9573,1,series_arc
9574,0,normal
9575,0,normal
9576,1,series_arc
9577,0,normal
9578,0,normal
9579,2,parallel_arc
9580,0,normal
9581,2,parallel_arc
9582,0,normal
9583,0,normal
9584,2,parallel_arc
9585,0,normal
9586,0,normal
9587,0,normal
9588,0,normal
9589,0,normal
9590,1,series_arc
9591,0,normal
9592,0,normal
9593,0,normal
9594,0,normal
9595,0,normal
9596,1,series_arc
9597,0,normal
9598,0,normal
9599,0,normal
9600,0,normal
9601,0,normal
9602,0,normal
9603,1,series_arc
9604,2,parallel_arc
9605,0,normal
9606,0,normal
9607,0,normal
9608,0,normal
9609,0,normal
9610,1,series_arc
9611,0,normal
9612,1,series_arc
9613,1,series_arc
9614,0,normal
9615,2,parallel_arc
9616,0,normal
9617,2,parallel_arc
9618,0,normal
9619,0,normal
9620,0,normal
9621,1,series_arc
9622,0,normal
9623,0,normal
9624,1,series_arc
9625,0,normal
9626,1,series_arc
9627,0,normal
9628,1,series_arc
9629,0,normal
9630,1,series_arc
9631,0,normal
9632,0,normal
9633,0,normal
9634,2,parallel_arc
9635,0,normal
9636,0,normal
9637,0,normal
9638,1,series_arc
9639,0,normal
9640,0,normal
9641,1,series_arc
9642,0,normal
9643,1,series_arc
9644,0,normal
9645,0,normal
9646,0,normal
9647,0,normal
9648,0,normal
9649,1,series_arc
9650,0,normal
9651,0,normal
9652,2,parallel_arc
9653,0,normal
9654,2,parallel_arc
9655,0,normal
9656,0,normal
9657,0,normal
9658,0,normal
9659,0,normal
9660,2,parallel_arc
9661,0,normal
9662,0,normal
9663,2,parallel_arc
9664,2,parallel_arc
9665,0,normal
9666,1,series_arc
9667,0,normal
9668,0,normal
9669,1,series_arc
9670,0,normal
9671,0,normal
9672,0,normal
9673,0,normal
9674,0,normal
9675,2,parallel_arc
9676,1,series_arc
9677,0,normal
9678,0,normal
9679,0,normal
9680,1,series_arc
9681,0,normal
9682,0,normal
9683,0,normal
9684,0,normal
9685,0,normal
9686,0,normal
9687,1,series_arc
9688,0,normal
9689,0,normal
9690,0,normal
9691,1,series_arc
9692,2,parallel_arc
9693,0,normal
9694,0,normal
9695,0,normal
9696,0,normal
9697,2,parallel_arc
9698,1,series_arc
9699,2,parallel_arc
9700,2,parallel_arc
9701,0,normal
9702,0,normal
9703,0,normal
9704,0,normal
9705,1,series_arc
9706,0,normal
9707,0,normal
9708,0,normal
9709,0,normal
9710,0,normal
9711,2,parallel_arc
9712,0,normal
9713,0,normal
9714,0,normal
9715,0,normal
9716,2,parallel_arc
9717,0,normal
9718,1,series_arc
9719,2,parallel_arc
9720,2,parallel_arc
9721,1,series_arc
9722,2,parallel_arc
9723,0,normal
9724,0,normal
9725,0,normal
9726,1,series_arc
9727,0,normal
9728,0,normal
9729,0,normal
9730,0,normal
9731,1,series_arc
9732,0,normal
9733,1,series_arc
9734,0,normal
9735,0,normal
9736,2,parallel_arc
9737,0,normal
9738,0,normal
9739,1,series_arc
9740,0,normal
9741,0,normal
9742,0,normal
9743,1,series_arc
9744,0,normal
9745,0,normal
9746,0,normal
9747,0,normal
9748,0,normal
9749,2,parallel_arc
9750,0,normal
9751,0,normal
9752,0,normal
9753,2,parallel_arc
9754,1,series_arc
9755,0,normal
9756,0,normal
9757,2,parallel_arc
9758,0,normal
9759,0,normal
9760,0,normal
9761,0,normal
9762,2,parallel_arc
9763,2,parallel_arc
9764,1,series_arc
9765,0,normal
9766,0,normal
9767,2,parallel_arc
9768,1,series_arc
9769,1,series_arc
9770,0,normal
9771,0,normal
9772,0,normal
9773,0,normal
9774,0,normal
9775,0,normal
9776,0,normal
9777,1,series_arc
9778,2,parallel_arc
9779,0,normal
9780,0,normal
9781,1,series_arc
9782,0,normal
9783,0,normal
9784,0,normal
9785,0,normal
9786,0,normal
9787,1,series_arc
9788,1,series_arc
9789,1,series_arc
9790,0,normal
9791,2,parallel_arc
9792,0,normal
9793,1,series_arc
9794,0,normal
9795,2,parallel_arc
9796,0,normal
9797,0,normal
9798,2,parallel_arc
9799,1,series_arc
9800,1,series_arc
9801,0,normal
9802,0,normal
9803,0,normal
9804,2,parallel_arc
9805,2,parallel_arc
9806,0,normal
9807,0,normal
9808,0,normal
9809,2,parallel_arc
9810,0,normal
9811,0,normal
9812,1,series_arc
9813,0,normal
9814,0,normal
9815,0,normal
9816,1,series_arc
9817,1,series_arc
9818,0,normal
9819,2,parallel_arc
9820,0,normal
9821,1,series_arc
9822,0,normal
9823,2,parallel_arc
9824,0,normal
9825,0,normal
9826,0,normal
9827,1,series_arc
9828,1,series_arc
9829,2,parallel_arc
9830,1,series_arc
9831,0,normal
9832,1,series_arc
9833,1,series_arc
9834,0,normal
9835,0,normal
9836,0,normal
9837,0,normal
9838,0,normal
9839,0,normal
9840,2,parallel_arc
9841,0,normal
9842,1,series_arc
9843,0,normal
9844,1,series_arc
9845,0,normal
9846,0,normal
9847,0,normal
9848,0,normal
9849,0,normal
9850,0,normal
9851,1,series_arc
9852,0,normal
9853,0,normal
9854,1,series_arc
9855,1,series_arc
9856,1,series_arc
9857,0,normal
9858,0,normal
9859,1,series_arc
9860,2,parallel_arc
9861,2,parallel_arc
9862,0,normal
9863,0,normal
9864,0,normal
9865,1,series_arc
9866,1,series_arc
9867,0,normal
9868,1,series_arc
9869,0,normal
9870,0,normal
9871,1,series_arc
9872,0,normal
9873,0,normal
9874,1,series_arc
9875,0,normal
9876,1,series_arc
9877,1,series_arc
9878,1,series_arc
9879,2,parallel_arc
9880,2,parallel_arc
9881,0,normal
9882,0,normal
9883,0,normal
9884,0,normal
9885,0,normal
9886,0,normal
9887,2,parallel_arc
9888,0,normal
9889,0,normal
9890,0,normal
9891,0,normal
9892,2,parallel_arc
9893,0,normal
9894,1,series_arc
9895,1,series_arc
9896,0,normal
9897,2,parallel_arc
9898,1,series_arc
9899,0,normal
9900,2,parallel_arc
9901,2,parallel_arc
9902,0,normal
9903,1,series_arc
9904,2,parallel_arc
9905,0,normal
9906,0,normal
9907,0,normal
9908,1,series_arc
9909,0,normal
9910,2,parallel_arc
9911,2,parallel_arc
9912,1,series_arc
9913,0,normal
9914,0,normal
9915,0,normal
9916,0,normal
9917,2,parallel_arc
9918,1,series_arc
9919,2,parallel_arc
9920,2,parallel_arc
9921,0,normal
9922,1,series_arc
9923,1,series_arc
9924,0,normal
9925,2,parallel_arc
9926,0,normal
9927,1,series_arc
9928,0,normal
9929,0,normal
9930,0,normal
9931,1,series_arc
9932,0,normal
9933,0,normal
9934,2,parallel_arc
9935,1,series_arc
9936,2,parallel_arc
9937,0,normal
9938,1,series_arc
9939,0,normal
9940,1,series_arc
9941,0,normal
9942,0,normal
9943,0,normal
9944,1,series_arc
9945,2,parallel_arc
9946,0,normal
9947,0,normal
9948,0,normal
9949,0,normal
9950,0,normal
9951,1,series_arc
9952,1,series_arc
9953,0,normal
9954,0,normal
9955,0,normal
9956,0,normal
9957,2,parallel_arc
9958,1,series_arc
9959,0,normal
9960,1,series_arc
9961,0,normal
9962,0,normal
9963,1,series_arc
9964,0,normal
9965,0,normal
9966,2,parallel_arc
9967,1,series_arc
9968,0,normal
9969,0,normal
9970,2,parallel_arc
9971,0,normal
9972,0,normal
9973,1,series_arc
9974,2,parallel_arc
9975,0,normal
9976,0,normal
9977,0,normal
9978,1,series_arc
9979,0,normal
9980,2,parallel_arc
9981,1,series_arc
9982,0,normal
9983,0,normal
9984,0,normal
9985,0,normal
9986,0,normal
9987,2,parallel_arc
9988,2,parallel_arc
9989,1,series_arc
9990,1,series_arc
9991,0,normal
9992,0,normal
9993,0,normal
9994,0,normal
9995,0,normal
9996,1,series_arc
9997,0,normal
9998,2,parallel_arc
9999,2,parallel_arc
